tconst	averageRating	numVotes
tt0040053	7.9	1614
tt0041023	7.4	103
tt0041039	8.1	198
tt0042092	8.5	19
tt0043214	7.4	127
tt0043228	7.4	354
tt0044265	6.5	1951
tt0044270	7.9	577
tt0044294	6.8	15
tt0044298	4.6	2550
tt0045395	6.7	453
tt0045410	7.1	1340
tt0045414	7.2	63
tt0046583	6.9	38
tt0046592	7.9	279
tt0046641	5.2	282
tt0046652	7.9	233
tt0046659	6.8	79
tt0046667	7.6	12
tt0047714	6.8	206
tt0047718	8.0	1637
tt0047752	7.7	501
tt0047776	6.3	29
tt0048845	6.2	2361
tt0049993	7.5	414
tt0050022	7.0	1631
tt0050051	8.3	12580
tt0050063	7.4	481
tt0051247	7.7	1728
tt0051257	6.5	649
tt0051267	7.4	2007
tt0051272	6.8	24
tt0051276	6.9	152
tt0051297	8.2	1500
tt0052473	7.9	250
tt0052492	7.3	138
tt0052507	7.8	4827
tt0053494	5.6	6278
tt0053497	7.6	68
tt0053525	7.1	4759
tt0053543	8.0	54
tt0054512	8.1	27
tt0054560	7.4	529
tt0055671	7.2	110
tt0055673	7.2	759
tt0055682	8.5	102
tt0055691	6.6	624
tt0055708	8.5	4399
tt0056748	7.8	224
tt0056752	7.0	261
tt0056757	8.1	4934
tt0056758	6.6	5848
tt0056777	8.2	9702
tt0057731	7.0	1201
tt0057735	8.5	21
tt0057741	4.4	430
tt0057751	7.4	17652
tt0057797	6.9	14
tt0058796	5.3	7706
tt0058815	7.4	18143
tt0058827	6.8	9
tt0059975	6.9	193
tt0059978	8.1	5665
tt0061268	7.1	229
tt0061277	7.4	4540
tt0062562	7.4	51
tt0062588	8.7	9921
tt0063879	7.3	46
tt0063908	7.0	1891
tt0063948	7.7	1297
tt0065272	6.8	3417
tt0065288	7.5	52
tt0065314	8.3	10644
tt0065316	6.1	43
tt0065335	6.3	431
tt0066630	7.1	680
tt0066633	6.9	1097
tt0068069	4.9	3711
tt0068103	7.3	4932
tt0068114	7.1	153
tt0068120	7.5	4435
tt0068128	7.9	11334
tt0069557	6.9	3321
tt0069576	8.1	5524
tt0069602	7.1	3858
tt0069608	8.3	2610
tt0069629	6.9	291
tt0069658	5.3	7053
tt0071574	9.3	26
tt0072506	4.5	2136
tt0072518	7.4	421
tt0072559	7.2	594
tt0072561	7.8	35
tt0072562	8.0	55059
tt0072584	6.7	3822
tt0072587	6.1	58
tt0073968	7.3	28
tt0074077	5.8	130
tt0075281	6.8	549
tt0075512	7.1	1742
tt0077000	7.1	17293
tt0077058	8.1	1157
tt0077064	8.1	2366
tt0077082	6.9	230
tt0077083	7.5	272
tt0078673	7.5	2351
tt0081935	6.0	364
tt0081945	7.3	265
tt0082201	7.0	164
tt0083392	6.6	1013
tt0083441	7.5	5117
tt0083452	8.9	946
tt0083504	6.0	323
tt0084967	7.5	43390
tt0084987	6.7	4346
tt0085049	6.9	413
tt0085796	8.8	7
tt0086689	6.8	729
tt0086729	5.7	404
tt0086793	5.7	2958
tt0086810	5.8	115
tt0086818	7.4	1634
tt0088512	4.8	9593
tt0088550	5.5	1286
tt0088554	4.7	811
tt0088580	5.6	6613
tt0088608	7.9	865
tt0088625	6.2	135
tt0090440	6.2	393
tt0090444	6.6	3608
tt0090493	5.0	5537
tt0092323	7.3	965
tt0092325	3.5	8528
tt0092350	8.3	35
tt0092379	8.2	15067
tt0092381	6.4	3386
tt0092389	4.1	133
tt0092490	7.2	34
tt0094423	8.2	52
tt0094481	5.1	6660
tt0094514	6.9	11057
tt0094531	6.7	6266
tt0096537	6.5	1037
tt0096555	6.1	3839
tt0096592	7.2	174
tt0096597	3.5	1492
tt0096636	4.5	2418
tt0096687	5.1	16
tt0096697	8.7	449904
tt0098805	6.9	94
tt0098844	7.8	47309
tt0103380	7.0	2028
tt0103396	7.3	3649
tt0103428	6.8	9587
tt0103434	2.9	1403
tt0103474	7.3	126
tt0103487	3.9	281
tt0103569	5.3	11075
tt0105950	7.5	35119
tt0106038	8.7	26
tt0106052	8.2	19325
tt0106053	7.0	14539
tt0106090	3.5	284
tt0106145	8.1	73616
tt0106172	7.6	3099
tt0108685	7.2	150
tt0108757	7.9	71077
tt0108783	8.0	19286
tt0108810	6.3	91
tt0108821	3.7	468
tt0108894	6.8	11652
tt0108968	6.1	8374
tt0108975	6.3	180
tt0108977	2.8	379
tt0108979	5.2	717
tt0108993	7.6	503
tt0111912	6.1	16
tt0111920	6.1	244
tt0111921	8.1	119
tt0111958	8.7	45756
tt0112028	7.4	137
tt0112044	7.7	836
tt0112052	7.7	32
tt0112071	7.0	41
tt0112082	4.8	30
tt0112111	7.7	14219
tt0112113	7.2	61
tt0115092	3.0	15
tt0115147	8.3	48721
tt0115227	6.1	5827
tt0115267	5.0	77
tt0115286	7.8	6174
tt0115299	6.2	64
tt0115338	4.2	1649
tt0115347	4.7	71
tt0115370	7.5	28
tt0115381	6.5	49
tt0115415	4.4	75
tt0117367	4.2	291
tt0118322	6.9	189
tt0118366	7.7	45
tt0118376	6.9	228
tt0118378	4.7	212
tt0118401	7.9	41657
tt0118435	6.8	572
tt0120919	4.8	101
tt0120974	3.8	5024
tt0120986	4.0	2355
tt0121220	8.8	94667
tt0121679	7.9	32
tt0122335	3.9	428
tt0123366	2.4	11157
tt0124226	6.8	83
tt0124955	5.2	442
tt0127991	6.9	554
tt0128176	6.1	51
tt0129685	7.4	149
tt0129723	7.0	435
tt0131157	7.3	266
tt0131689	4.2	130
tt0135111	6.3	15
tt0136668	8.0	2483
tt0138228	6.3	1534
tt0139803	6.9	1159
tt0143004	7.8	33
tt0143005	5.3	12
tt0143055	7.5	385
tt0144050	4.4	360
tt0144066	7.2	108
tt0144724	4.7	757
tt0148286	7.6	145
tt0149443	6.8	41
tt0149453	6.8	1532
tt0149466	7.1	35
tt0149541	8.4	452
tt0149546	5.1	197
tt0154053	5.8	383
tt0155429	7.9	56
tt0155443	8.6	178
tt0155446	7.3	855
tt0159187	6.9	98
tt0159848	8.8	59
tt0159877	5.3	15
tt0159879	6.3	1189
tt0159881	8.3	8584
tt0159884	5.8	18
tt0160999	6.7	41
tt0161195	8.5	17
tt0161203	6.4	257
tt0162076	3.8	438
tt0163499	7.0	151
tt0163958	7.4	24
tt0165001	7.8	1150
tt0166034	8.1	41
tt0166064	6.1	2576
tt0166909	8.0	80
tt0167515	3.2	970
tt0167645	6.2	11
tt0167716	6.9	12
tt0167735	4.1	947
tt0168278	7.2	8
tt0168296	7.5	52
tt0168372	3.0	412
tt0169469	7.6	13
tt0170511	7.6	70
tt0170980	7.1	599
tt0171015	6.9	165
tt0171998	5.8	86
tt0172014	4.0	419
tt0174397	7.3	288
tt0175383	2.3	3875
tt0177440	6.7	5151
tt0177446	2.9	1517
tt0178146	6.7	43
tt0179055	6.3	91
tt0179562	6.3	9
tt0179572	3.9	269
tt0181261	4.3	1124
tt0181793	7.0	17
tt0183068	5.5	189
tt0184122	5.8	2946
tt0185049	6.8	504
tt0185065	3.0	2496
tt0185819	3.9	1734
tt0189307	6.1	280
tt0192897	7.0	556
tt0192906	5.4	830
tt0193671	7.9	125
tt0194597	6.7	223
tt0194599	7.8	79
tt0195447	6.8	42
tt0196249	7.4	94
tt0197176	7.6	326
tt0198063	6.3	12
tt0198099	5.5	154
tt0198226	6.0	11
tt0198798	7.8	60
tt0199180	7.5	40
tt0199191	8.0	378
tt0199192	7.0	74
tt0199236	7.0	20
tt0199249	9.2	861
tt0199250	6.2	13
tt0199278	3.0	204
tt0202741	6.6	3785
tt0202765	6.8	826
tt0203259	8.1	134423
tt0204094	5.7	291
tt0205659	7.1	142
tt0206467	8.2	1642
tt0207255	7.9	861
tt0208623	6.5	199
tt0208648	7.0	80
tt0209525	5.6	6
tt0209573	6.9	11
tt0209577	6.6	33
tt0209604	7.0	26
tt0209620	9.0	5
tt0209679	6.3	30
tt0209683	8.1	11
tt0209700	7.4	40
tt0209791	7.5	19
tt0209827	8.5	17
tt0210434	8.0	47
tt0211143	7.1	48
tt0211157	7.3	104
tt0211768	5.8	110
tt0211866	4.9	341
tt0211873	7.3	136
tt0212710	8.1	156
tt0213327	6.6	15290
tt0213360	7.2	36
tt0214341	8.8	159491
tt0214346	9.0	6
tt0214364	6.9	120
tt0214371	6.4	453
tt0214381	7.4	50
tt0215445	8.3	250
tt0216459	8.3	769
tt0216470	5.3	9
tt0217203	8.3	565
tt0217211	2.2	1447
tt0217925	7.5	8
tt0218754	5.6	25
tt0218784	5.8	22
tt0218789	8.0	192
tt0219436	6.8	44
tt0219447	5.7	25
tt0220195	5.9	17
tt0220197	7.9	15
tt0220205	7.8	221
tt0220238	7.4	3531
tt0221199	8.1	120
tt0221738	7.7	82
tt0222558	6.6	25
tt0222560	3.9	314
tt0222593	7.1	11
tt0222685	8.7	100
tt0224452	7.2	364
tt0224827	7.2	232
tt0224830	7.1	12
tt0224859	9.0	67
tt0224887	6.3	474
tt0224941	7.9	30
tt0227869	7.7	19
tt0227881	6.6	29
tt0227937	7.3	15
tt0227952	6.9	17
tt0227958	5.5	107
tt0229155	6.9	65
tt0229908	5.5	33
tt0231033	4.7	10
tt0231035	5.9	725
tt0231040	6.8	207
tt0235915	8.2	166
tt0235927	4.5	459
tt0236903	5.0	154
tt0236924	7.1	101
tt0239164	5.9	251
tt0240267	8.1	1094
tt0240272	6.5	198
tt0241108	4.6	81
tt0241383	4.6	1951
tt0242750	2.9	169
tt0244156	6.7	2314
tt0244339	7.1	50
tt0246359	5.5	290
tt0246401	4.7	8
tt0247094	3.2	997
tt0247108	7.5	109
tt0247880	7.6	548
tt0249314	7.7	89
tt0250875	8.1	4436
tt0251503	8.2	720
tt0254031	3.7	381
tt0255149	6.8	13
tt0255734	7.5	16259
tt0257301	6.4	47
tt0257303	8.0	156
tt0259158	6.3	40
tt0260618	8.4	328
tt0260653	6.9	1782
tt0262152	5.2	438
tt0262163	2.3	189
tt0262955	7.5	40
tt0262963	8.0	89
tt0262990	8.4	372
tt0266134	4.2	572
tt0266145	3.4	34
tt0266202	8.7	10
tt0267154	5.3	32
tt0267170	8.5	21
tt0267207	5.9	57
tt0268792	5.3	12
tt0270116	7.5	1191
tt0270118	4.7	1652
tt0270764	8.7	143
tt0270804	6.6	1052
tt0271054	8.0	56
tt0271894	7.5	2499
tt0272417	8.4	587
tt0272697	7.7	92
tt0273331	2.8	168
tt0275133	8.5	53
tt0276654	4.3	14
tt0276674	4.1	121
tt0276737	6.8	48
tt0277473	7.3	71
tt0278180	7.3	149
tt0278184	4.5	29
tt0278201	6.0	8
tt0278212	1.7	1989
tt0279600	7.5	142897
tt0281415	7.1	36
tt0281432	7.3	10288
tt0282291	4.4	383
tt0282330	7.1	42
tt0283172	6.1	749
tt0283203	5.8	4807
tt0283206	8.6	22
tt0283226	7.1	13681
tt0283767	4.9	75
tt0283778	3.5	10
tt0283783	6.8	24
tt0283794	5.5	122
tt0284723	7.9	14
tt0284767	3.3	4301
tt0284798	7.8	108
tt0285331	8.4	201459
tt0286348	4.9	65
tt0286351	7.2	47
tt0286506	6.4	9
tt0288937	7.6	15001
tt0289032	7.8	12
tt0289033	5.8	153
tt0289801	5.8	79
tt0290358	8.2	124
tt0292764	7.0	50
tt0292873	6.2	18
tt0294075	7.5	332
tt0294128	5.7	360
tt0295794	7.0	661
tt0295813	6.0	28
tt0297494	7.7	27513
tt0297639	6.5	1166
tt0298620	3.0	151
tt0298665	7.2	125
tt0298683	8.3	29
tt0299345	8.4	83
tt0299353	2.8	7
tt0300849	6.4	98
tt0300865	6.7	22226
tt0302066	6.2	51
tt0302113	4.3	108
tt0302137	7.7	81
tt0302141	8.2	457
tt0302151	6.2	43
tt0302161	6.2	94
tt0303421	2.7	422
tt0305056	3.1	1355
tt0305095	6.2	455
tt0307837	6.7	179
tt0309123	6.8	1394
tt0309159	4.8	10
tt0310489	8.0	23
tt0312159	3.0	11
tt0312188	7.0	10
tt0312198	5.8	37
tt0313091	3.2	282
tt0314492	6.4	46
tt0315097	2.8	231
tt0315719	6.6	42
tt0315727	4.4	351
tt0316967	4.5	96
tt0318224	8.5	1169
tt0318251	8.8	454
tt0319940	5.4	39
tt0320037	6.4	18037
tt0320508	7.9	24
tt0320828	7.5	127
tt0320913	6.2	106
tt0320922	6.2	120
tt0320925	9.1	94
tt0320998	8.6	169
tt0321019	6.1	2577
tt0321022	8.0	31
tt0321777	8.6	469
tt0324681	6.3	400
tt0324788	7.6	27
tt0326710	6.5	27
tt0326711	7.4	29
tt0327334	8.6	161
tt0328745	7.0	52
tt0328789	7.6	3071
tt0329807	6.8	17
tt0329824	3.8	4446
tt0331776	7.7	189
tt0332841	5.6	23
tt0334878	8.2	114
tt0335774	7.1	41
tt0337215	6.1	100
tt0338590	5.8	205
tt0341193	7.5	69
tt0343229	6.3	625
tt0343298	7.2	133
tt0344638	6.0	35
tt0344642	7.7	147
tt0344743	7.9	191
tt0344757	8.0	112
tt0346254	6.6	24
tt0346306	5.8	103
tt0346307	5.5	728
tt0350452	8.7	28
tt0350466	6.8	266
tt0352047	6.5	64
tt0352110	7.2	2285
tt0353044	4.6	28
tt0353048	6.5	88
tt0353068	6.5	21
tt0354268	2.6	11
tt0354292	8.9	27
tt0355077	6.1	408
tt0355102	5.1	115
tt0355103	1.8	249
tt0355143	2.6	310
tt0356311	5.0	16
tt0358818	8.2	9
tt0360270	8.7	27
tt0361220	5.3	13
tt0361227	6.0	8802
tt0362379	4.0	342
tt0363327	8.2	8
tt0363391	7.4	442
tt0363402	6.6	31
tt0364168	7.0	34
tt0364784	8.3	345
tt0364843	8.8	3705
tt0364845	7.8	169399
tt0365998	7.7	100
tt0366002	5.9	22
tt0366019	8.0	827
tt0366345	6.9	65
tt0367278	3.4	194
tt0367423	6.8	19
tt0368470	6.1	63
tt0369073	8.5	124
tt0369079	7.3	78
tt0369117	6.7	1941
tt0369176	4.4	19
tt0369179	7.1	288065
tt0371478	5.6	13
tt0371487	7.2	44
tt0372051	7.5	90
tt0372092	6.8	25
tt0372729	7.4	9
tt0374364	5.8	39
tt0374443	7.5	26
tt0375245	2.4	30
tt0375366	7.1	9
tt0375400	8.2	11
tt0375434	7.2	9
tt0375435	7.7	111
tt0375446	4.8	156
tt0376378	5.5	10
tt0379078	4.1	52
tt0379623	6.5	18010
tt0380086	5.4	1147
tt0380100	6.9	146
tt0380147	3.5	224
tt0381791	6.3	128
tt0382449	3.8	253
tt0382488	6.6	280
tt0383792	5.8	26
tt0384778	2.9	52
tt0385462	2.6	150
tt0386155	6.5	6
tt0386995	4.3	14
tt0388572	6.2	57
tt0388574	6.8	338
tt0388595	6.3	4922
tt0388626	3.1	294
tt0389608	7.4	28
tt0390700	7.4	978
tt0391590	5.5	12
tt0391666	3.8	1487
tt0392976	7.0	7
tt0392994	4.9	14
tt0393009	6.9	1910
tt0395043	8.4	123
tt0395050	9.1	225
tt0395868	5.2	39
tt0395893	5.6	15
tt0396330	5.2	10
tt0396347	7.2	888
tt0396360	7.4	11
tt0397160	4.8	8
tt0397182	2.3	191
tt0397781	8.6	5
tt0398531	5.2	66
tt0399989	7.9	214
tt0400009	6.5	10
tt0400977	8.1	76
tt0400992	7.8	74
tt0400998	7.4	497
tt0401003	7.3	168
tt0401062	8.0	28
tt0401916	7.0	5061
tt0401922	6.2	54
tt0401928	8.0	173
tt0401958	8.5	6
tt0402644	7.4	248
tt0402691	7.5	26
tt0402706	8.2	31
tt0403780	6.4	26
tt0403806	8.0	903
tt0403813	5.7	419
tt0404231	7.8	48
tt0404580	4.7	49
tt0407361	7.6	152
tt0407377	6.6	687
tt0407411	5.6	70
tt0407419	5.1	14
tt0407423	7.6	879
tt0407424	7.6	284
tt0407443	7.4	11
tt0409571	8.7	309
tt0409586	2.8	24
tt0409628	8.2	9
tt0413579	4.4	11
tt0414740	4.7	704
tt0414777	8.7	1142
tt0414783	7.5	227
tt0415421	7.9	98
tt0416389	7.5	28
tt0417331	6.0	252
tt0417355	6.8	8
tt0419314	7.2	176
tt0419321	5.2	38
tt0419326	7.6	25673
tt0419336	6.2	393
tt0419353	2.1	111
tt0420382	4.7	79
tt0420462	4.7	22
tt0420472	4.6	215
tt0421452	8.9	31
tt0421453	5.8	13
tt0421463	6.3	2149
tt0421485	8.0	96
tt0423668	7.0	5286
tt0423713	2.7	616
tt0423770	7.0	28
tt0424586	8.0	69
tt0424691	7.4	67
tt0425724	7.7	116
tt0426379	6.8	11
tt0428169	2.9	420
tt0429290	6.8	36
tt0429312	4.7	13
tt0429318	5.4	5238
tt0429336	3.4	69
tt0429345	5.2	26
tt0429384	6.9	264
tt0429466	8.0	1286
tt0430809	8.1	124
tt0430836	2.7	689
tt0430854	6.8	237
tt0431501	4.5	87
tt0431533	8.1	71
tt0433512	5.1	250
tt0433735	5.4	133
tt0434676	4.3	606
tt0434695	8.5	6296
tt0434733	7.3	194
tt0437005	7.2	23519
tt0437745	7.7	47383
tt0437761	8.2	51
tt0439344	7.1	91
tt0439369	5.2	11
tt0439389	2.7	207
tt0439408	8.7	27
tt0439907	6.9	84
tt0439979	6.3	148
tt0441074	8.0	96
tt0441955	7.3	63
tt0442646	5.3	420
tt0442716	7.3	193
tt0445103	7.0	14
tt0445111	8.4	12
tt0445120	5.3	245
tt0445912	7.8	3281
tt0446224	1.3	1699
tt0446809	7.8	9539
tt0447779	5.5	32
tt0447804	6.4	7
tt0448300	7.9	1200
tt0448878	5.9	50
tt0449696	6.3	15
tt0451467	4.1	20
tt0451509	5.4	33
tt0452563	6.3	46
tt0454349	5.4	10212
tt0454730	5.0	48
tt0456773	7.7	50
tt0457219	7.7	64
tt0460354	7.0	95
tt0460363	6.5	19
tt0460379	8.2	422
tt0460681	8.4	505716
tt0461444	6.6	32
tt0462139	7.9	5264
tt0463397	3.5	186
tt0463802	5.2	19
tt0463824	2.2	262
tt0463833	6.0	33
tt0464852	6.9	17
tt0465320	3.3	106
tt0465682	7.0	328
tt0465774	6.6	2518
tt0465857	7.6	45
tt0466603	7.8	26
tt0466622	7.3	276
tt0470019	6.2	35
tt0470108	8.4	14
tt0470977	5.5	287
tt0472027	8.4	38038
tt0472642	5.6	487
tt0472970	4.6	107
tt0472989	6.5	2661
tt0473428	6.3	22
tt0473580	3.5	120
tt0473585	4.2	91
tt0475209	4.3	643
tt0475913	6.8	35
tt0476038	3.4	798
tt0476625	5.8	28
tt0476926	2.3	501
tt0477551	7.7	26
tt0479321	6.8	31
tt0479336	3.5	213
tt0479832	6.2	95
tt0479846	3.7	690
tt0479992	4.9	20
tt0480313	3.9	27
tt0481033	6.4	1140
tt0481305	8.2	42
tt0482346	3.6	246
tt0482856	6.3	182
tt0484241	3.8	120
tt0484535	8.6	17
tt0484918	2.0	276
tt0486232	5.4	84
tt0486535	4.6	102
tt0487858	7.9	137
tt0491602	6.7	7
tt0492430	3.4	1366
tt0493184	3.1	115
tt0493232	6.4	112
tt0493330	5.9	204
tt0497079	4.4	4334
tt0497156	4.1	212
tt0498878	7.8	2439
tt0498891	4.1	76
tt0499394	7.8	81
tt0502217	8.7	1448
tt0503520	8.0	56
tt0504193	6.9	302
tt0505115	7.2	55
tt0505567	8.2	18
tt0512315	6.6	148
tt0518912	7.3	71
tt0526946	6.5	24
tt0535380	7.6	15
tt0553250	7.1	106
tt0554497	8.0	8
tt0556188	6.3	130
tt0557406	8.1	333
tt0578506	7.8	771
tt0584001	7.7	172
tt0585821	8.5	246
tt0588110	7.0	265
tt0591313	7.3	60
tt0593130	8.5	164
tt0600721	7.3	46
tt0602675	7.8	10
tt0609074	7.3	235
tt0611644	7.7	949
tt0612096	8.3	33
tt0614224	7.7	26
tt0617005	7.3	11
tt0640881	8.2	14
tt0641646	8.1	131
tt0644312	7.0	76
tt0654343	6.1	49
tt0655139	7.5	54
tt0656750	8.7	98
tt0667811	6.7	539
tt0667940	6.5	428
tt0670257	7.9	88
tt0673329	7.8	371
tt0676618	7.8	7
tt0678755	7.9	13
tt0680530	5.6	51
tt0694149	6.8	144
tt0694853	5.6	91
tt0701284	7.6	2475
tt0702931	7.2	1353
tt0708514	7.5	2443
tt0709841	7.3	11
tt0720357	8.1	18
tt0720463	7.5	127
tt0732051	7.4	52
tt0733636	7.2	44
tt0738674	9.8	111
tt0742431	8.2	13
tt0752073	7.1	11
tt0757458	7.6	20
tt0757968	8.3	7
tt0758722	7.9	141
tt0759033	7.6	17
tt0759034	6.4	21
tt0759364	5.8	10888
tt0762803	6.8	169
tt0764947	3.4	764
tt0768816	7.5	32
tt0771634	7.5	59
tt0773979	7.9	16
tt0775348	7.7	29
tt0775367	8.1	147
tt0778579	6.2	117
tt0780370	3.9	168
tt0781887	7.1	15
tt0782510	6.7	74
tt0783392	6.8	853
tt0784879	7.8	11
tt0786864	5.8	8
tt0787880	5.2	22
tt0787986	7.6	43
tt0787994	4.1	42
tt0788598	6.0	26
tt0789525	7.5	170
tt0790475	6.1	15
tt0791391	3.8	11
tt0793458	6.4	33
tt0795129	7.0	1456
tt0796522	6.9	21
tt0798605	5.9	9
tt0799583	5.9	13
tt0800969	8.3	84
tt0804503	8.7	272285
tt0805797	7.8	52
tt0807320	8.2	17
tt0807584	7.7	28
tt0809387	4.4	310
tt0809645	8.3	209
tt0811918	5.8	28
tt0815041	3.0	81
tt0815960	6.5	43
tt0816401	5.9	3425
tt0817377	7.6	14
tt0818735	7.5	8
tt0827948	4.4	234
tt0835010	7.8	8534
tt0835962	3.7	424
tt0837069	5.6	302
tt0842906	7.2	231
tt0843933	4.7	53
tt0844203	3.5	674
tt0844273	6.5	12
tt0845740	6.8	107
tt0848960	7.9	49
tt0850635	6.6	810
tt0852863	8.1	60992
tt0853067	3.6	13
tt0853068	7.7	24
tt0853076	3.0	295
tt0854650	8.1	67
tt0856136	6.2	408
tt0857760	7.2	86
tt0861971	7.6	66
tt0862592	5.1	11
tt0862621	5.9	224
tt0862999	7.2	42
tt0864307	2.4	168
tt0866193	8.7	82
tt0870060	5.6	646
tt0870872	4.9	1007
tt0870876	3.9	23
tt0873958	7.9	10
tt0874936	8.3	35853
tt0877258	7.7	13
tt0880565	7.4	444
tt0880583	2.2	189
tt0880996	5.9	36
tt0883849	3.5	10
tt0887237	6.9	29
tt0887983	4.0	18
tt0889154	8.0	118
tt0896892	6.7	309
tt0896893	7.6	858
tt0897705	7.0	56
tt0903751	7.4	185
tt0904108	6.7	76
tt0906712	5.3	121
tt0907704	7.3	34
tt0909398	7.2	199
tt0921936	6.3	24
tt0923171	8.3	11
tt0924651	8.4	13711
tt0929359	8.1	76
tt0930831	4.3	401
tt0933348	7.8	41
tt0934055	6.7	12
tt0939787	4.3	106
tt0943525	7.9	21
tt0944355	7.7	8
tt0945531	7.1	619
tt0949791	7.5	51
tt0949793	7.5	116
tt0959425	4.4	129
tt0959790	4.9	119
tt0962884	6.1	182
tt0964948	7.1	1082
tt0966979	7.4	24
tt0971928	7.7	547
tt0972177	5.1	82
tt0974984	5.4	126
tt0976084	2.2	12
tt0977628	7.5	489
tt0977907	7.2	489
tt0979693	7.5	93
tt0982501	7.9	9
tt0983197	7.5	248
tt0985724	8.5	15
tt0988824	8.7	192410
tt0991344	6.3	52
tt0994557	6.0	43
tt0995012	6.1	116
tt0997196	8.2	22
tt10006526	6.0	17
tt10010038	7.7	20
tt1001474	5.4	115
tt10023474	6.0	32
tt1003895	4.8	71
tt10074050	7.3	7
tt10096176	6.4	6
tt10104840	4.7	12
tt10120950	7.9	11
tt10127406	7.0	7
tt10127582	7.3	11
tt10127726	7.2	82
tt10127968	9.0	11
tt10128098	2.1	189
tt10141612	7.2	95
tt1014221	9.0	8
tt1014785	5.5	872
tt10157596	3.1	59
tt10157638	7.1	30
tt10157642	8.4	33
tt10160560	7.3	19
tt10162638	3.5	9
tt1017844	7.4	81
tt1018501	6.2	9771
tt10189448	5.8	24
tt10189508	5.7	26
tt1019073	4.7	13
tt10195612	7.1	175
tt10196152	7.0	94
tt1020922	6.4	34
tt1020929	7.5	264
tt1021041	5.0	94
tt1021508	8.7	11
tt10224730	5.0	5
tt1022932	7.2	8
tt1022937	7.1	31
tt10235794	7.5	43
tt10236660	8.3	10
tt10239224	8.1	56
tt10241830	6.0	8
tt10245786	7.6	84
tt1025537	2.8	15
tt10255532	7.8	20
tt1025770	6.8	34
tt10258024	7.8	5
tt10264328	6.0	9
tt10270566	4.0	14
tt10295228	1.0	450
tt10295494	4.5	17
tt10305356	1.8	24
tt10305452	2.1	134
tt10305548	6.9	73
tt1031782	5.7	93
tt10321842	8.5	70
tt10322304	8.6	3035
tt10322964	4.4	39
tt10324336	5.6	122
tt10324344	6.3	91
tt10340590	8.5	12
tt1034915	7.3	24
tt10369404	9.0	9
tt10405150	1.8	103
tt1041672	7.0	23
tt10423022	4.4	179
tt10438096	7.1	55
tt10446570	7.9	15
tt10447116	6.2	65
tt1045793	6.1	21
tt10458306	7.0	7
tt10462996	7.9	19
tt10466876	6.5	21
tt10467640	7.7	876
tt10485750	6.1	6677
tt10487004	6.8	466
tt1049302	6.3	36
tt10502574	7.0	6
tt10530622	7.3	76
tt1053637	4.4	65
tt1056155	5.2	7
tt10562676	5.4	241
tt1056536	4.7	132
tt10573354	5.2	135
tt10574210	7.4	78
tt10585676	7.7	20
tt1059120	9.2	8
tt1059475	7.8	18988
tt10609012	8.6	64
tt10612444	6.2	43
tt10612648	7.1	43
tt1062187	4.0	86
tt10623218	8.0	219
tt1067781	5.3	31
tt1068600	8.4	11
tt10699300	7.0	319
tt10708150	8.0	26
tt10712436	7.8	13
tt1071624	8.2	211
tt10719524	6.6	143
tt10731470	6.1	31
tt10738442	6.7	1301
tt10750456	8.9	12
tt10752744	8.4	9
tt10765706	7.9	24
tt1084172	4.9	55
tt1084587	5.0	1354
tt1084588	7.0	10
tt10854760	7.3	609
tt10858622	6.9	14
tt1086238	8.6	38
tt1088084	7.4	9
tt10883220	6.2	6
tt1092504	7.3	58
tt10930094	3.0	21
tt10931212	7.7	13
tt10934170	5.5	450
tt1094232	2.0	35
tt1094354	2.6	160
tt1095213	3.3	2262
tt10968530	5.7	72
tt10978750	7.9	37
tt10979976	6.8	26
tt1098268	4.1	18
tt10985682	8.4	286
tt10999274	9.2	23
tt11004134	5.8	1147
tt1104970	7.3	39
tt11052120	7.0	96
tt1105586	8.7	16
tt11100826	7.7	22
tt11101140	6.1	905
tt1111847	4.7	112
tt11126150	5.8	5
tt11131862	5.4	8
tt11170862	9.0	8148
tt11177312	2.2	5
tt1118042	8.0	237
tt11187526	7.7	23
tt11189294	7.2	8
tt11202076	5.4	12
tt1122331	6.7	37
tt1124062	3.7	308
tt1124356	5.0	58
tt11254678	9.7	29
tt11262528	8.0	16
tt11269552	6.8	7
tt11274898	8.3	32
tt11277854	9.1	58
tt11299474	8.6	75
tt11304754	7.2	8
tt1130486	5.8	9
tt11307038	7.5	100
tt1132290	7.6	59158
tt11342986	7.2	2641
tt11347114	5.1	15
tt11349960	4.0	860
tt1137429	6.4	690
tt11383908	8.1	16
tt1142706	8.5	390
tt11434664	5.9	31
tt1144410	7.5	231
tt11454854	6.7	13
tt11465274	6.2	238
tt1147366	6.8	35
tt11474562	6.5	13
tt11489096	3.5	41
tt11492864	8.7	110
tt11498686	6.3	18
tt1151168	4.1	20
tt11544946	5.4	5
tt11548214	5.6	21
tt11587812	6.5	67
tt11590094	8.6	17
tt11596200	6.9	17
tt11597332	8.9	48
tt1159833	6.6	26
tt1159993	6.2	346
tt11604390	7.9	60
tt11615082	8.1	10
tt11634296	7.2	54
tt11640164	8.0	22
tt11656584	8.2	27
tt1166709	5.6	2071
tt11668838	6.6	9
tt11669196	5.5	87
tt11671144	4.7	295
tt1167357	6.6	40
tt11679580	6.7	47
tt1168672	6.0	36
tt1170040	7.2	29
tt1170244	4.1	1513
tt1170481	8.1	66
tt1170808	8.1	1505
tt1170842	7.7	1452
tt1170858	7.1	1087
tt11710778	7.6	31
tt11714246	4.8	10
tt11784978	6.8	6
tt11815494	8.7	8
tt11815656	6.5	11
tt11827352	3.4	553
tt11844982	8.1	56
tt1185950	7.9	337
tt11867650	7.6	1986
tt11872134	4.4	7
tt11874658	4.9	23
tt11884876	7.8	9
tt11896334	6.9	223
tt11905274	9.3	50
tt11925506	8.8	5
tt11947418	7.6	12966
tt11954606	4.4	10
tt11969160	9.2	44
tt11992498	7.8	15
tt12020622	6.8	13
tt12026652	5.5	401
tt12030058	6.4	55
tt12060778	8.8	31
tt12079212	7.3	2229
tt12092480	8.7	11
tt12105192	5.9	440
tt12116546	8.9	35
tt12123118	8.3	13
tt12139142	8.2	413
tt12142084	7.8	41
tt12145846	6.0	15
tt1215594	7.0	65
tt12157354	6.0	15
tt1216222	6.4	1854
tt12164062	8.2	21
tt1216434	4.0	102
tt12164342	4.2	1487
tt12174592	8.7	124
tt1217480	5.5	27
tt12176066	7.7	23
tt12176850	4.3	48
tt1219300	7.5	593
tt1220481	7.5	14
tt1221817	4.9	25
tt1222614	8.4	5777
tt12226696	7.2	70
tt12229540	6.9	21
tt12234884	7.7	66
tt12251982	6.2	109
tt12258710	8.0	6094
tt12272750	6.4	21
tt1227651	7.4	36
tt12276534	7.2	19
tt1229032	2.6	163
tt12291006	9.2	349
tt12292328	8.6	50
tt1229769	6.5	54
tt1229906	7.7	25
tt12299378	7.0	11
tt12299748	7.5	15
tt1230092	5.2	17
tt12307212	8.2	7
tt12312228	8.1	158
tt1231460	6.7	14073
tt1232212	7.7	21
tt12331650	8.5	7
tt12333696	7.3	27
tt1233562	9.1	103
tt12349938	7.3	13
tt12369030	9.3	19
tt12378132	7.4	6
tt1238850	7.8	104
tt1239083	4.3	231
tt1240984	6.0	27
tt1246514	7.6	11
tt12466764	9.3	10
tt12467534	6.5	7
tt1248465	8.1	11
tt1248515	9.0	957
tt12492186	7.8	11
tt12504168	6.3	352
tt12531904	9.2	7
tt12531964	6.7	22
tt12546564	6.6	38
tt12546734	5.4	6
tt12547152	5.7	110
tt1256413	8.1	1299
tt1257544	6.9	524
tt1257755	8.7	1121
tt12581016	8.0	6
tt12587340	1.3	132
tt12587386	3.0	9
tt12600500	4.0	24
tt12605548	6.5	483
tt12608698	5.7	7
tt1260966	7.2	25
tt1261096	6.6	10
tt12612774	2.7	106
tt12637954	7.2	13
tt12644388	7.1	12
tt12646646	5.3	37
tt1266000	4.4	24
tt12661310	9.1	462
tt1268929	9.2	5
tt12690356	5.0	94
tt12690824	7.3	8
tt1270710	7.3	87
tt1271991	5.4	37
tt12759180	8.0	60
tt1276485	7.2	47
tt12767320	5.8	8
tt1277647	7.5	41
tt1277975	6.4	219
tt12787732	7.3	640
tt12788574	8.2	8
tt12790734	4.8	7
tt1280627	6.0	2632
tt1280729	8.2	212
tt1281973	3.6	4321
tt12842890	7.8	55
tt12847824	8.1	95
tt12865064	7.8	214
tt12885410	9.3	58
tt1294972	4.2	5
tt1297029	5.5	23
tt1299047	3.6	236
tt1301884	7.6	21
tt1302430	7.1	17
tt1305424	7.0	26
tt13064200	8.1	38
tt13072882	7.8	17
tt13085534	4.1	1920
tt1309404	2.2	7
tt1314894	4.0	66
tt13179356	3.8	31
tt1319265	6.1	41
tt13210196	6.6	43
tt13212208	4.3	77
tt1324576	7.6	197
tt13261746	6.8	115
tt13280262	5.0	19
tt1328737	8.6	14
tt1328968	6.6	94
tt13300018	4.5	304
tt13315282	5.8	18
tt13338556	8.8	23
tt1333920	8.0	63
tt13357878	5.1	12
tt13358186	6.8	710
tt13362566	6.8	5
tt13364380	3.5	1674
tt13382488	7.5	137
tt13392064	5.7	107
tt13394544	7.6	4825
tt13397296	7.4	13
tt1340802	6.1	1029
tt13409050	9.2	11
tt1341586	7.6	693
tt13433440	5.0	59
tt1343863	7.5	162
tt1345155	6.4	21
tt13463778	6.5	1671
tt13464516	9.2	1723
tt13474734	7.0	161
tt1350434	7.3	16
tt13545614	6.8	34
tt1355144	6.2	114
tt1356383	6.4	34
tt13580834	8.7	117
tt13586680	3.7	41
tt1360071	5.6	155
tt1360087	3.3	299
tt1362996	5.7	171
tt13633896	9.5	2651
tt1365389	5.2	6
tt1365552	6.7	26
tt13659324	8.2	7
tt1367568	7.3	26
tt1367726	9.2	17
tt1368070	6.0	241
tt1369743	8.4	28
tt13702080	7.9	135
tt13705292	8.2	10
tt13717758	5.2	810
tt13727806	6.5	61
tt13736632	5.5	26
tt13743918	5.8	12
tt13763690	4.0	300
tt13764896	7.8	13
tt1376515	7.7	1277
tt13771814	7.1	40
tt13777138	7.7	385
tt13777486	1.6	7
tt13779362	6.2	54
tt13794010	7.7	55
tt13801590	8.5	12
tt1381214	7.5	31
tt1382157	8.3	558
tt13828422	8.5	75
tt13850522	5.9	102
tt13868474	9.2	25
tt13879990	7.0	231
tt13914146	7.4	474
tt1392026	4.2	136
tt13971732	8.7	9
tt1399045	5.5	23789
tt13998320	7.3	31
tt14022124	9.2	36
tt14022938	5.3	17
tt1404579	6.2	19
tt1405800	8.4	45
tt14074568	9.2	144
tt1407674	6.6	29
tt1408577	7.4	205
tt1409069	5.1	1513
tt14096170	4.0	21
tt14103320	7.9	9
tt14118188	6.3	603
tt14127740	6.2	8
tt1413926	6.5	39
tt14141642	8.1	13
tt1414416	8.2	534
tt14156722	6.0	13
tt14157366	8.6	8
tt1421009	5.4	84
tt14214796	6.9	51
tt14214952	4.5	732
tt1421722	4.2	5
tt1424036	6.8	39
tt14293152	7.0	9
tt14294416	9.5	53
tt14295890	7.8	25
tt14332734	6.3	11
tt1433870	8.2	4081
tt1434322	4.1	230
tt14352770	6.5	18
tt14354452	7.6	7
tt14361980	7.8	481
tt14364328	7.8	31
tt1439859	8.4	101
tt14401604	6.2	1814
tt1441005	3.3	176
tt1441404	5.4	401
tt1442550	7.7	11104
tt1442637	6.8	7
tt14433228	5.3	10
tt1443631	5.5	380
tt1444834	6.6	18
tt14454780	8.7	22
tt1445563	6.7	66
tt14469742	4.2	12
tt1448074	5.0	93
tt1450737	3.1	985
tt1453630	7.3	142
tt1454713	7.1	426
tt1454730	3.2	2827
tt1454765	6.9	27
tt1455546	3.7	12
tt14568878	4.4	64
tt14571682	8.6	29
tt1457729	7.2	77
tt14589006	6.8	22
tt1461349	4.1	141
tt14617030	6.0	10
tt1463146	8.7	9
tt1464382	6.8	72
tt14647318	6.8	10
tt1466501	7.9	8
tt14682792	4.5	135
tt1468806	7.8	1098
tt14695428	6.6	14
tt14721404	2.3	160
tt14721574	6.3	19
tt14778968	8.4	34
tt1479027	3.6	236
tt14796940	8.4	130
tt1480165	4.3	927
tt1481093	6.6	312
tt14845068	8.2	11
tt14852960	6.2	1999
tt1488698	7.2	425
tt1489508	6.4	240
tt14915340	6.2	112
tt1491853	2.4	7
tt1491935	4.9	215
tt1491938	3.7	300
tt14919774	7.6	93
tt1493384	6.2	8
tt1494058	4.7	664
tt1500475	5.2	207
tt1500550	6.8	202
tt1500570	3.5	3059
tt1500910	6.9	3228
tt15011994	8.1	8
tt15036792	4.7	7
tt1506099	7.5	84
tt15079796	4.2	34
tt15079894	7.8	10
tt15079914	7.9	46
tt15095986	7.8	7
tt1509677	7.2	3162
tt15138426	6.7	27
tt15138496	5.5	311
tt15156682	6.8	183
tt15170390	8.8	8
tt15180054	6.9	8
tt1518344	7.1	389
tt1518455	8.7	133
tt15187698	2.4	25
tt1519943	7.1	15
tt1520072	6.2	18
tt1520605	6.4	697
tt15215864	7.6	63
tt15234990	5.2	295
tt1525927	8.3	69
tt15262422	9.3	59
tt15274706	7.0	33
tt1527854	7.5	65
tt1527913	8.0	30
tt1528406	7.9	29984
tt1532138	7.2	6
tt15327408	7.5	10
tt1533783	6.2	459
tt15346198	3.4	19
tt1536749	6.2	1090
tt15374794	7.6	131
tt15376494	4.2	10
tt15383132	4.0	199
tt15415556	8.3	27
tt1542583	3.8	18
tt1542802	5.7	20
tt15469110	7.0	5
tt15472028	7.5	63
tt1548331	7.1	164
tt15490038	8.3	4903
tt15499568	7.0	18
tt15508050	9.1	133
tt15509668	6.6	34
tt1555761	8.2	28
tt1556772	8.3	28
tt1561755	8.2	96908
tt1567432	7.7	169780
tt1569097	7.8	844
tt1570512	5.3	118
tt1570540	6.2	17
tt1571057	7.3	28
tt1572209	6.2	31
tt1573614	6.9	7
tt1576767	6.8	105
tt1577139	7.0	12
tt1577502	7.2	114
tt15792092	6.8	72
tt15792120	2.9	41
tt15801814	5.7	13
tt1580495	7.3	31
tt1581071	5.4	670
tt15866910	6.2	12
tt1587694	7.1	5381
tt1591173	6.7	102
tt1592812	7.5	2067
tt1593391	5.6	117
tt1595056	8.2	15
tt1597396	7.2	494
tt15988702	7.2	183
tt1599465	5.3	34
tt1601069	5.1	30
tt1608806	6.4	42
tt16101712	7.4	141
tt1613624	5.1	9
tt1615663	8.2	2560
tt16163004	5.7	11
tt16164394	5.1	87
tt1632707	6.4	68
tt1635327	7.5	9647
tt1636189	5.2	10
tt1637574	8.2	25249
tt16375896	7.0	89
tt16409704	7.4	8
tt1642495	7.8	65
tt16479376	9.0	15
tt16491384	9.0	14
tt1650527	7.7	2568
tt16529212	7.3	8
tt1653971	3.6	10
tt16550626	7.0	42
tt1655894	6.3	48
tt1659018	7.3	42
tt1659175	8.1	9339
tt1660870	6.1	25
tt16636212	5.1	263
tt1685078	7.5	285
tt1686987	8.1	14
tt16897958	7.7	9
tt1695352	3.0	208
tt1699208	8.1	205
tt16993974	7.2	6
tt1699748	8.3	57459
tt1699756	6.7	48
tt1700448	7.3	281
tt17022916	9.3	9
tt17042966	8.8	66
tt17043230	6.3	13156
tt1705096	6.7	671
tt17065486	5.6	131
tt17072934	8.2	24
tt1708446	8.2	13846
tt1714810	5.4	2233
tt17156374	5.8	7
tt17221322	7.4	8
tt1724451	7.3	63
tt1725140	7.8	312
tt1726832	4.9	19
tt1727829	8.7	3386
tt17291938	7.3	16
tt1730630	6.7	11
tt17323464	5.8	44
tt1736093	7.3	89
tt1737565	3.1	2351
tt1737792	6.5	18
tt1739296	4.4	61
tt1743990	8.8	2132
tt1744867	5.8	31
tt1745739	8.7	3004
tt1746642	3.6	146
tt1748418	7.5	206
tt17493716	8.6	40
tt1751105	7.7	23967
tt1752021	6.7	21
tt17524490	7.7	93
tt1752508	6.6	691
tt1759761	8.4	67551
tt1761449	7.0	408
tt17640474	3.9	9
tt1765083	8.9	37
tt1778172	6.8	44
tt1779614	7.5	15
tt1787215	7.7	55
tt1790939	8.6	319
tt1793609	7.7	11
tt1796776	5.5	253
tt1797660	8.5	8
tt1798956	6.2	29
tt1799485	8.0	146
tt1800864	7.2	5745
tt18069512	7.8	206
tt1807475	8.7	13
tt1808713	4.1	32
tt1808989	3.8	577
tt1809909	2.7	690
tt1818055	4.2	14
tt1820166	6.3	7835
tt18217786	8.6	13
tt18234982	7.6	16
tt18239116	5.7	7
tt1825237	8.5	278
tt18295894	6.5	14
tt1831897	4.6	316
tt1831947	8.6	150
tt18336136	6.2	14
tt18363546	5.6	146
tt1836386	8.1	38
tt1839337	6.5	13708
tt1840674	6.8	21
tt18412104	6.7	909
tt1842561	4.9	137
tt1842718	6.8	39
tt1844130	8.1	120
tt18469968	4.4	9
tt1847905	5.5	339
tt1848153	6.3	41
tt1849249	7.4	401
tt1850596	7.7	1657
tt18562110	8.3	138
tt1857431	8.3	276
tt1858042	9.7	10
tt1859289	5.2	292
tt1861510	6.0	691
tt1863662	6.9	18
tt1863965	7.8	71
tt1863997	3.2	2076
tt1868674	9.2	11
tt1868745	4.4	899
tt1871111	8.2	1708
tt1875285	9.3	22
tt1877368	8.6	14053
tt1878538	7.3	621
tt1880454	7.5	23
tt1882559	7.4	68
tt1882735	5.9	80
tt1894749	3.9	13
tt1895103	4.9	44
tt18973944	9.8	18
tt1905361	7.6	343
tt1908423	5.9	89
tt1909015	8.9	28021
tt1921518	7.8	1682
tt1923950	5.4	99
tt1925784	7.0	115
tt19263906	2.3	55
tt1927826	2.7	296
tt1928912	6.7	16
tt1932099	8.2	294
tt1932308	7.6	570
tt1932345	7.0	43
tt1933866	6.6	22
tt1934806	1.1	1865
tt1943994	4.9	15
tt19512122	7.5	77
tt1955937	6.1	60
tt19638434	7.9	40
tt19712396	8.5	66
tt19756810	6.2	29
tt19798392	7.5	7
tt1981471	5.9	1557
tt1981558	8.3	27291
tt19817952	7.6	32
tt19865932	7.8	15
tt19870412	7.4	886
tt19873426	8.1	18
tt1988246	8.3	58
tt19897990	6.0	99
tt1990663	7.0	29
tt2000287	9.1	22
tt20043252	4.5	9
tt2005302	7.8	41
tt2009083	7.8	57
tt2012450	6.2	21
tt20244430	6.6	695
tt2024922	4.9	10694
tt20259190	5.7	287
tt20319230	6.9	63
tt2034305	5.4	54
tt2037273	8.1	835
tt20450274	7.7	8
tt20453950	7.7	55
tt2049323	6.1	1340
tt2050066	7.9	24
tt2051662	6.9	203
tt2053650	2.0	424
tt20565684	7.7	15
tt2057880	5.6	950
tt2058498	1.3	137
tt2059823	8.1	202
tt2061165	8.2	3787
tt2062778	6.9	100
tt2062925	5.4	149
tt2064523	7.9	63
tt2070564	5.5	2407
tt2071236	5.3	995
tt20752490	9.0	8
tt2077192	5.9	277
tt2079265	4.0	89
tt2084665	5.2	89
tt20867578	8.4	21
tt2089467	7.2	3699
tt2091523	2.7	136
tt2091642	4.4	114
tt2094533	8.7	196
tt2098220	9.0	157670
tt2102736	8.3	13
tt21029768	7.3	14
tt21034446	8.6	69
tt2110633	7.1	21
tt2113273	5.8	80
tt2114723	7.0	11
tt21159042	5.5	14
tt2117468	7.7	35
tt2119183	5.1	283
tt21193634	7.3	43
tt21216406	6.9	48
tt21230690	6.4	11
tt21243416	9.7	6
tt21301278	8.3	1992
tt2132844	5.3	284
tt2133559	8.6	7
tt21357702	8.4	28
tt21357988	7.0	39
tt2138753	5.4	10
tt2139316	7.9	15
tt21397968	7.8	45
tt21411692	8.4	31
tt21415948	4.6	13
tt21416878	7.2	10
tt21431606	6.1	10
tt2146563	8.0	45
tt21474440	6.1	9
tt2147632	3.7	1460
tt2148040	6.8	13
tt2148152	7.6	30
tt2150202	7.3	569
tt2154395	3.9	60
tt2155153	2.4	159
tt21603472	7.3	16
tt2161031	8.1	27
tt2161695	6.8	135
tt21618312	8.4	15
tt2163227	4.7	740
tt21652514	8.3	1746
tt2167911	5.1	36
tt2168474	6.9	17
tt2170419	8.3	14
tt2170693	5.5	42
tt2173020	7.8	32
tt21810830	8.6	21
tt2181460	7.5	1278
tt21832302	8.2	60
tt21838440	8.2	35
tt21867362	6.5	201
tt2187358	8.5	54
tt2190124	5.4	53
tt2190581	5.0	91
tt21907668	7.3	10
tt21936136	5.9	137
tt21939696	5.9	316
tt2194408	7.2	79
tt2195211	8.5	9
tt21979642	6.7	54
tt2198375	8.7	36
tt21994550	8.8	10
tt22035106	6.1	14
tt22071890	5.6	11
tt2215842	7.8	16159
tt22242118	7.3	299
tt2229470	3.4	61
tt2231696	5.3	535
tt22325164	7.0	395
tt2234701	7.7	1663
tt22375838	7.0	6
tt2243101	6.2	24
tt2243286	7.3	79
tt2243330	5.8	13
tt2247150	6.9	196
tt2254566	5.6	122
tt2255102	8.8	266
tt2258972	5.0	8
tt2262795	6.8	85
tt2265000	6.6	297
tt22682764	7.9	661
tt22693974	6.3	839
tt22696252	2.6	32
tt2272601	7.2	54
tt2276555	5.9	64
tt22797712	7.4	191
tt2284111	7.7	10
tt2284660	5.4	8
tt22869606	5.6	220
tt2288243	7.9	15
tt2289427	8.0	84
tt2289543	7.8	166
tt2298477	6.2	4902
tt2300437	1.5	202
tt2301643	7.6	758
tt23025716	8.3	22
tt2311336	4.9	399
tt23146266	7.6	30
tt23150904	7.3	232
tt2317838	8.7	2368
tt2324525	7.2	308
tt2330549	5.0	962
tt23318830	7.8	11
tt2334429	5.2	928
tt2337285	7.0	64
tt2338232	6.5	5489
tt2341427	5.9	333
tt2342455	6.7	33
tt2343562	7.5	79
tt2359772	7.3	70
tt2360934	6.6	155
tt2361025	6.7	40
tt2361632	6.1	114
tt2361796	6.4	21
tt2364308	6.4	86
tt2366871	7.2	967
tt2368578	8.0	56
tt2371873	7.1	141
tt2372755	7.5	382
tt23743436	6.8	98
tt23782844	8.4	79
tt23787988	9.2	80
tt23793628	7.2	21
tt2380710	4.7	405
tt2382271	7.9	17
tt2383386	6.3	31
tt2389428	8.1	39
tt2390066	6.1	128
tt2394140	5.4	512
tt2399993	5.7	139
tt2403201	8.9	4907
tt2409866	6.9	25
tt2414814	4.8	12
tt24176088	9.6	47
tt2420040	8.9	37
tt2425430	8.2	31
tt2431976	6.6	6
tt2432640	7.4	149
tt2444272	7.7	11
tt2446208	6.1	53
tt2448896	4.8	21
tt2449026	8.0	535
tt2450290	6.1	99
tt2454448	7.6	267
tt2459938	5.7	12
tt2467372	8.4	388723
tt2468750	5.7	8
tt2486736	7.2	149
tt2487090	5.7	12663
tt24973048	5.2	15
tt2523546	7.4	7
tt2524936	6.6	12
tt2527184	5.1	19
tt2538744	3.6	80
tt2555006	6.2	12
tt2563482	3.1	289
tt2569058	7.6	351
tt2570866	4.3	1799
tt2575614	9.1	75
tt2583628	2.2	7
tt2583852	5.0	30
tt2586830	8.1	20
tt2592038	8.4	100
tt2593254	5.6	56
tt2601566	7.5	63
tt2604124	5.8	113
tt2609822	1.9	192
tt2610118	6.0	5
tt2621006	7.1	34
tt2621722	7.8	1880
tt2630718	7.0	89
tt26345201	7.7	23
tt2646116	8.7	17
tt2649670	8.3	233
tt2650282	6.4	3440
tt26542713	9.1	14
tt26597275	8.4	20
tt26672079	7.0	6
tt26695231	6.0	49
tt26695893	8.2	5
tt2676718	7.2	48
tt2676802	6.9	110
tt26770445	4.5	141
tt26896547	4.5	43
tt26896992	9.4	12
tt26935969	9.1	11
tt2699218	6.0	10
tt27095392	7.4	28
tt27114042	6.0	55
tt27121219	6.3	16
tt27123271	7.5	150
tt27146730	7.7	6
tt27157669	7.4	10
tt27159524	5.3	30
tt27161705	5.7	1558
tt27193225	8.0	901
tt27194652	7.8	132
tt27208109	9.5	35
tt2724378	8.3	13
tt2726396	8.4	8
tt2734004	5.4	343
tt27433230	8.5	12
tt27579188	10.0	17
tt2759376	8.8	12
tt27619784	6.1	140
tt2762330	7.4	3126
tt2762564	6.4	148
tt27633077	7.0	27
tt27673838	6.0	31
tt27685226	6.5	200
tt2768946	9.2	7
tt27705135	6.8	6
tt27722982	7.0	40
tt27727527	6.8	1040
tt27817466	5.9	36
tt27843828	6.4	2061
tt27843902	6.8	61
tt2784810	5.4	372
tt2787190	8.3	1438
tt2787868	9.0	21
tt2793136	8.1	538
tt27938962	8.4	7
tt27954677	6.7	15
tt2799160	7.2	19
tt27993832	5.3	11
tt28080139	8.6	6
tt2810310	8.4	2032
tt28132706	2.0	38
tt28141548	2.6	44
tt28181768	6.6	7
tt28254942	5.4	519
tt28256830	6.5	12
tt28288752	7.1	38
tt28313343	7.8	156
tt2832790	8.9	69
tt28364262	7.2	6
tt28365329	8.3	23
tt28378443	6.9	65
tt2838570	7.9	24
tt28400615	6.6	16
tt28521741	6.9	1029
tt2855296	6.5	37
tt28569564	7.6	33
tt28651453	8.1	162
tt2874494	6.6	456
tt2876418	4.4	65
tt2878232	3.1	130
tt28802629	8.7	7
tt2882378	8.1	12
tt28965079	7.9	18
tt29041498	7.8	36
tt2904418	7.3	3844
tt2907906	9.4	10
tt2911274	8.4	7
tt29153100	6.3	78
tt2919910	8.4	10053
tt29248187	7.0	6
tt29266787	6.9	19
tt29319236	6.0	178
tt2939026	5.8	731
tt29420514	9.4	10
tt29425846	6.8	7
tt2949512	5.9	8
tt29512692	2.5	10
tt29539780	10.0	7
tt29552470	4.7	33
tt29598192	3.3	12
tt2968732	5.7	10
tt2970718	5.2	23
tt2976010	6.2	512
tt2987760	9.0	11
tt29893969	6.5	48
tt3004376	4.6	1515
tt3004580	7.3	25
tt3007892	8.4	35
tt3008594	5.5	222
tt30135335	9.1	11
tt3014394	5.4	36
tt3014552	7.1	11
tt3014824	7.9	39
tt30224310	7.3	32
tt3029990	7.5	15
tt30396939	7.0	421
tt30421302	6.2	121
tt30423084	8.5	14
tt30461388	4.7	81
tt30516704	3.3	7
tt3055186	7.3	1362
tt3056900	5.5	78
tt3067206	8.0	415
tt30761863	6.3	135
tt30819963	7.7	44
tt30819996	6.5	7
tt30843493	7.3	8
tt30868630	9.1	19
tt30923187	9.2	16
tt30946392	7.7	10
tt3097134	3.3	78
tt30971874	7.3	11
tt3097772	4.1	146
tt3106642	8.8	59
tt31188303	8.4	30
tt31248549	4.1	17
tt3138940	6.6	8
tt3139330	7.2	1728
tt3141676	7.5	267
tt31556446	6.4	5
tt31614132	4.4	9
tt31621012	7.2	9
tt3168236	5.7	10
tt31709827	8.8	6
tt31787388	5.6	12
tt31811424	6.3	147
tt3182586	8.9	11
tt3184288	6.0	21
tt3185588	7.0	16
tt31867638	8.3	78
tt3207686	5.2	21
tt32122758	4.2	32
tt3213376	7.2	165
tt3215226	8.6	139
tt32245089	7.7	44
tt32275353	6.0	11
tt3228960	4.2	428
tt3230032	6.5	69
tt32332138	8.4	22
tt32338364	6.7	6
tt3234110	5.0	139
tt3242388	5.2	76
tt3244714	6.8	80
tt32544588	2.2	284
tt3254564	7.4	9
tt32561715	7.8	129
tt32590226	8.9	864
tt32658697	2.7	161
tt3266588	8.5	13
tt32792180	8.4	17
tt32808948	8.1	7
tt3283828	7.5	31
tt3286728	7.8	1446
tt32869199	5.2	417
tt3319126	2.8	15
tt33257352	9.3	10
tt33310442	8.4	51
tt33347749	9.2	11
tt3335062	7.0	28
tt3345858	6.7	66
tt33476731	7.0	15
tt33503513	7.6	41
tt33668940	5.2	17
tt3369008	7.6	89
tt3379120	8.3	23
tt34006487	3.6	14
tt34057932	7.7	11
tt34126563	8.0	126
tt3416422	4.1	28
tt3418252	8.0	437
tt34248957	6.6	32
tt3426342	5.9	1204
tt3430936	3.5	269
tt3444938	7.0	19491
tt34548028	4.4	5
tt3455222	4.6	54
tt3456134	6.4	12
tt34625071	8.0	6
tt3463348	7.5	229
tt34721650	4.2	9
tt34722143	7.8	35
tt34724667	5.6	5
tt3472546	6.8	9
tt3476524	7.4	34
tt34792529	8.5	6
tt3491320	5.0	8
tt34961708	7.5	40
tt3499670	6.8	269
tt3499828	5.0	7
tt3499856	3.1	40
tt3503424	2.4	428
tt3504148	5.2	13
tt3506320	6.7	67
tt35067861	5.7	46
tt3515512	7.2	3192
tt3519870	6.5	269
tt35445392	6.8	20
tt3550682	8.0	1332
tt3555564	5.3	12
tt35566952	5.8	6
tt3562462	5.4	188
tt35837956	4.3	27
tt3589436	7.8	16
tt3591138	2.8	994
tt3594220	6.9	974
tt3601886	4.9	143
tt3608508	4.4	90
tt3612488	6.3	698
tt3622998	6.3	173
tt3638286	8.5	52
tt3644198	3.0	822
tt3649804	8.8	95
tt3651112	6.6	21
tt3651388	7.8	28
tt3651534	4.1	45
tt3672590	6.6	122
tt3681794	5.0	3061
tt3682524	8.1	1042
tt3688530	4.9	2432
tt3695158	4.9	331
tt3699744	7.6	16
tt3709366	6.9	45
tt3728992	5.7	8
tt3776548	7.7	39
tt3777146	8.5	115
tt3838256	3.2	21
tt3842656	6.6	165
tt3846342	8.0	35
tt3849300	4.9	12
tt3855304	5.1	16
tt3871822	7.2	649
tt3883040	8.4	12
tt3886214	7.3	103
tt3890300	6.3	22
tt3904084	7.5	128
tt3906716	5.5	589
tt3911870	3.1	1815
tt3918904	6.2	8
tt3918942	8.2	35
tt3919358	8.9	102
tt3947934	6.1	85
tt3949900	3.7	36
tt3953642	5.0	381
tt3977910	6.6	80
tt3983454	7.6	24
tt3983740	8.3	55
tt3993252	6.7	52
tt3996530	7.6	91
tt4008954	8.3	8
tt4016032	7.9	20
tt4017986	7.4	674
tt4034410	5.6	46
tt4067972	8.5	63
tt4068834	2.6	377
tt4074786	7.1	17
tt4096540	6.9	103
tt4112048	6.7	6
tt4118584	7.0	11349
tt4142084	7.4	12
tt4146340	8.9	191
tt4148744	5.3	1719
tt4151188	6.6	25
tt4202558	4.8	44
tt4209386	4.2	80
tt4210188	8.4	8
tt4223864	2.7	35
tt4229076	7.8	32
tt4229222	5.3	31
tt4229608	6.4	45
tt4231008	3.6	8
tt4234518	5.1	28
tt4264964	6.2	814
tt4265410	5.8	52
tt4267270	7.0	98
tt4275216	3.9	33
tt4280606	5.6	11180
tt4304908	8.3	55
tt4312150	7.6	420
tt4322056	5.5	378
tt4338684	9.5	399
tt4351710	2.9	202
tt4353976	7.1	330
tt4362342	6.3	430
tt4364358	5.5	31
tt4364478	5.6	35
tt4381512	7.0	64
tt4396862	7.1	12839
tt4407996	7.6	100
tt4417412	6.8	126
tt4420544	6.4	36
tt4429344	7.8	48
tt4432300	6.4	74
tt4469212	7.3	45
tt4469214	4.5	144
tt4477976	7.9	75539
tt4483556	7.3	41
tt4486954	8.2	32
tt4493582	5.3	11
tt4514526	7.4	42
tt4522064	7.3	15
tt4546568	8.6	279
tt4550086	7.4	52
tt4557996	9.2	94
tt4567010	6.9	2480
tt4588620	3.7	95
tt4612374	4.4	19
tt4643588	8.2	524
tt4648716	4.8	49
tt4649174	7.2	81
tt4653374	8.2	330
tt4662064	7.2	2117
tt4674646	7.9	820
tt4674836	7.0	9
tt4680240	8.2	6500
tt4680360	6.7	108
tt4685658	7.6	8
tt4695428	6.6	15
tt4699262	5.3	35
tt4702408	5.4	29
tt4707200	9.0	8
tt4709678	3.9	31
tt4711266	3.9	16
tt4719744	8.2	3487
tt4728244	7.6	134
tt4745726	2.3	713
tt4770018	5.3	5007
tt4771108	5.9	1470
tt4799454	3.9	96
tt4799472	3.1	40
tt4816922	4.4	42
tt4823626	6.8	38
tt4841390	5.0	133
tt4845206	7.9	211
tt4850566	6.1	9
tt4853622	6.4	15
tt4857508	5.8	278
tt4863852	7.6	81
tt4870996	8.3	22
tt4888246	7.8	302
tt4911710	4.4	28
tt4942278	4.8	9
tt4948242	7.2	6
tt4956952	3.8	24
tt4960120	8.7	11
tt4964258	7.7	34
tt4964438	8.3	20
tt4964564	7.2	85
tt4968034	6.1	8
tt4979804	5.7	97
tt4980876	7.6	57
tt4986278	6.7	310
tt4991910	7.7	959
tt5020080	7.2	133
tt5028636	7.1	74
tt5039096	7.7	56
tt5052884	9.0	27
tt5057752	5.9	129
tt5073524	5.5	34
tt5097258	7.3	68
tt5109144	7.3	76
tt5117114	6.4	14
tt5132162	7.7	7
tt5139360	6.4	162
tt5147074	8.2	191
tt5154902	5.4	12
tt5156110	8.4	20
tt5156964	6.0	10
tt5161468	6.9	8
tt5170098	4.3	7
tt5180494	8.2	59
tt5205196	6.6	8
tt5205252	8.6	7
tt5207256	9.3	9
tt5209414	6.6	193
tt5220612	8.3	15
tt5236232	9.2	7
tt5236276	6.3	81
tt5247622	8.1	586
tt5268442	8.2	8
tt5278426	8.1	141
tt5281914	5.5	27
tt5282286	7.9	91
tt5292408	6.8	22
tt5297548	7.0	144
tt5300132	8.3	19
tt5321476	6.9	11
tt5359500	9.1	10
tt5360812	8.3	7
tt5376982	9.3	7
tt5419220	6.3	123
tt5431570	8.0	8
tt5452200	6.1	76
tt5466656	6.8	22
tt5467444	8.5	51
tt5478804	8.5	88
tt5481102	8.6	13
tt5495778	7.4	76
tt5533398	7.0	52
tt5535988	5.7	29
tt5556434	8.4	1087
tt5561726	8.5	7
tt5568922	4.7	50
tt5570598	9.2	154
tt5574086	8.1	12
tt5596646	5.0	1124
tt5598192	7.7	4977
tt5602308	8.6	94
tt5606394	7.5	204
tt5609480	6.3	6
tt5612212	6.9	664
tt5617526	7.8	8
tt5633924	3.9	224
tt5636378	7.4	99
tt5638364	9.1	143
tt5644718	6.0	8
tt5646248	7.1	9
tt5650542	7.1	10
tt5651302	5.5	89
tt5659248	7.0	403
tt5665418	7.6	4153
tt5671912	3.8	16
tt5691046	9.4	23
tt5694634	9.2	15
tt5706484	7.0	21
tt5733018	4.7	82
tt5734106	8.1	400
tt5734460	6.8	90
tt5743796	8.4	49075
tt5756750	8.2	60
tt5762426	8.0	8
tt5769618	7.4	272
tt5770076	9.5	77
tt5793764	6.6	90
tt5798250	6.5	52
tt5805100	8.6	2685
tt5805288	7.4	19
tt5822916	8.0	44
tt5832098	4.2	113
tt5838610	8.2	80
tt5851616	8.9	10862
tt5863436	8.4	14
tt5864184	7.9	387
tt5868158	5.8	16
tt5868898	6.2	11
tt5873366	5.9	81
tt5902010	8.2	20
tt5902454	8.6	18
tt5903724	7.3	176
tt5919474	6.1	113
tt5930042	6.4	262
tt5955622	6.3	84
tt5973002	6.2	16
tt5989884	5.5	29
tt5995634	5.6	566
tt6006706	7.9	29
tt6010708	3.8	28
tt6018248	8.3	222
tt6019536	5.5	14
tt6033780	6.7	11
tt6039060	2.4	9
tt6052530	6.4	163
tt6053742	9.2	41
tt6061336	7.4	73
tt6062722	6.8	16
tt6064134	5.3	124
tt6079604	8.5	479
tt6088196	8.5	16
tt6091552	4.4	449
tt6098952	8.3	1777
tt6099850	5.4	10
tt6118178	6.3	67
tt6127996	7.9	46
tt6130866	7.7	263
tt6134994	7.3	13
tt6137286	5.3	29
tt6183700	7.2	25
tt6183736	7.2	169
tt6186030	7.3	300
tt6215002	6.6	61
tt6215164	7.5	682
tt6216702	7.9	88
tt6217154	2.4	194
tt6229766	4.7	65
tt6238614	4.5	4445
tt6240446	9.0	660
tt6255580	7.2	37
tt6268308	5.9	12
tt6274184	7.0	244
tt6282096	7.2	61
tt6297884	2.1	261
tt6297952	9.3	280
tt6316634	8.7	7
tt6329790	8.3	490
tt6334758	8.0	130
tt6340544	5.9	90
tt6341900	5.0	92
tt6352640	8.4	7
tt6353592	5.0	122
tt6368552	6.0	24
tt6382320	2.4	10
tt6390034	7.4	24
tt6397930	4.4	7
tt6398232	7.2	7756
tt6402052	6.4	22
tt6408094	5.9	18
tt6409156	6.9	75
tt6410230	7.2	8
tt6412982	9.0	13
tt6428202	7.7	15
tt6439752	8.4	37479
tt6451036	8.0	130
tt6457530	7.5	12
tt6461440	8.5	107
tt6466972	5.8	1775
tt6471838	7.8	15
tt6473028	5.3	19
tt6482302	8.6	14
tt6482686	5.0	428
tt6491428	7.3	328
tt6493630	7.2	20
tt6512978	7.5	20
tt6546344	8.5	7
tt6555150	7.4	15
tt6556992	8.3	2531
tt6558110	7.9	110
tt6558936	8.5	40
tt6577706	7.5	13
tt6585100	5.7	294
tt6608736	5.9	9
tt6610786	5.2	23
tt6611034	8.0	11
tt6614936	8.9	26
tt6619598	6.9	15
tt6631398	8.2	801
tt6631966	6.3	245
tt6656762	8.0	16
tt6660204	6.9	9
tt6663476	4.3	587
tt6667152	8.3	15
tt6669116	6.2	21
tt6703498	6.9	41
tt6708866	8.0	11
tt6713768	6.6	150
tt6715096	9.0	8
tt6763662	5.0	25
tt6769314	5.0	9
tt6805798	8.0	30
tt6814630	4.4	324
tt6819414	5.2	19
tt6834214	7.8	34
tt6835576	8.3	23
tt6846190	6.0	63
tt6853288	4.2	53
tt6854902	7.6	1006
tt6863368	8.0	66
tt6865764	6.7	23
tt6926286	5.6	16
tt6938018	7.6	11
tt6938094	6.3	148
tt6973542	4.2	24
tt6976178	7.4	102
tt6977714	8.1	15
tt6992876	6.6	363
tt6994570	7.7	100
tt7006666	5.0	184
tt7017872	9.2	934
tt7030950	9.2	17
tt7050978	5.8	162
tt7093458	7.1	42
tt7094632	6.4	86
tt7099334	7.9	6646
tt7106736	1.9	17
tt7112704	2.4	3769
tt7124904	5.2	181
tt7147670	2.3	1430
tt7151780	6.5	21
tt7156778	5.0	25
tt7165904	7.6	3719
tt7167640	8.5	19
tt7171652	6.1	28
tt7178294	5.3	26
tt7178298	7.8	249
tt7199778	6.2	41
tt7209352	6.9	9
tt7222902	8.5	1077
tt7228428	7.8	14
tt7237764	7.8	17
tt7238852	7.2	24
tt7239892	7.3	49
tt7258180	7.7	16
tt7278846	7.8	13
tt7279130	6.1	11
tt7280746	7.3	770
tt7284466	7.0	232
tt7322584	8.6	7
tt7331900	4.5	15
tt7336664	3.6	50
tt7353808	3.5	32
tt7370554	8.8	78
tt7380262	7.3	82
tt7383524	7.7	17
tt7385380	6.2	6
tt7390596	3.7	961
tt7401524	8.1	1129
tt7410298	4.4	13
tt7414406	7.6	15324
tt7414430	6.0	107
tt7416050	2.9	13
tt7418522	6.1	11
tt7420698	8.4	249
tt7428026	7.1	21
tt7439928	4.9	51
tt7444916	5.2	42
tt7446086	7.7	260
tt7448208	6.6	13
tt7451496	6.2	11
tt7453862	7.2	295
tt7456390	8.1	597
tt7493006	8.3	72
tt7499180	7.6	9
tt7509964	4.0	455
tt7532796	9.1	19
tt7533276	7.0	67
tt7584958	7.0	321
tt7588716	6.9	29
tt7592742	7.2	180
tt7596168	8.3	10
tt7604546	5.6	42
tt7619768	9.1	9
tt7624596	4.0	145
tt7640226	7.9	10
tt7643936	5.4	46
tt7657494	2.6	56
tt7658488	9.1	11
tt7661932	6.7	1824
tt7662326	7.4	16
tt7663894	4.6	11
tt7668234	7.6	28
tt7683162	7.8	42
tt7702906	8.0	668
tt7715448	7.0	12
tt7736544	7.6	7663
tt7745218	7.6	19
tt7781460	7.7	39
tt7790776	7.9	2374
tt7817338	8.0	162
tt7845038	7.0	6
tt7877780	4.4	529
tt7905416	7.8	21
tt7909224	5.5	7
tt7915114	4.6	173
tt7915124	6.7	180
tt7923036	4.9	11
tt7938046	6.1	36
tt7944260	6.4	2305
tt7955354	8.3	7
tt7956684	7.2	119
tt7961556	6.2	7
tt7973020	7.6	11
tt7978240	7.5	55
tt7983796	3.4	129
tt7984756	9.4	6
tt7987534	8.1	17
tt7989888	4.6	20
tt7993422	6.9	12
tt7997010	8.6	100
tt7998102	6.6	64
tt7999322	8.6	74
tt8000710	8.2	10
tt8010770	7.8	6
tt8031636	7.4	6
tt8036978	8.6	69
tt8041658	7.5	1917
tt8056962	8.7	29
tt8063738	7.9	56
tt8082884	6.6	10
tt8090630	5.8	90
tt8101930	6.1	69
tt8111772	8.2	5
tt8120306	8.0	21
tt8134760	5.0	48
tt8163874	5.3	262
tt8171352	5.8	20
tt8174972	5.0	20
tt8187314	8.5	21
tt8205262	7.9	20
tt8240188	7.0	213
tt8258626	5.7	29
tt8261544	7.6	47
tt8262846	3.8	12
tt8286786	8.4	35
tt8290658	6.0	249
tt8299402	6.2	32
tt8300324	7.3	5369
tt8306978	6.9	16
tt8310332	6.5	22
tt8319644	6.5	608
tt8363486	9.3	35
tt8386744	8.6	88
tt8388138	6.6	24
tt8409970	7.6	1564
tt8420604	4.8	101
tt8421006	9.0	5
tt8434692	8.4	19
tt8435332	8.9	157
tt8442956	6.8	10
tt8461116	8.7	34
tt8466842	8.5	34
tt8477610	7.2	48
tt8483276	6.7	51
tt8489522	7.0	21
tt8523160	9.0	60
tt8528294	8.6	26
tt8537520	3.8	751
tt8569130	7.7	46
tt8571524	5.2	61
tt8572232	8.6	2138
tt8590126	6.6	38
tt8591668	4.9	13
tt8609142	6.2	5
tt8612956	7.4	9
tt8614244	6.9	194
tt8633432	7.4	42
tt8638066	3.2	1449
tt8652648	8.3	22
tt8661502	6.0	28
tt8667016	8.9	129
tt8670332	7.4	42
tt8676266	7.3	20
tt8678054	5.7	160
tt8682186	8.1	613
tt8682874	7.1	69
tt8710622	7.7	73
tt8733228	8.5	41
tt8740534	8.0	105
tt8747458	8.7	51
tt8780098	6.9	29
tt8784032	7.6	11
tt8806156	8.0	187
tt8819906	5.3	2098
tt8849484	7.8	10
tt8852574	8.2	37
tt8854752	9.0	13
tt8861374	8.7	61
tt8866654	7.2	130
tt8883410	7.9	22
tt8883922	4.9	115
tt8884460	7.1	150
tt8943942	1.0	1331
tt8960568	7.3	136
tt8961296	7.0	48
tt8974638	8.9	21
tt8986256	6.6	116
tt8991832	5.7	7
tt8994152	8.9	11
tt8996230	6.2	12
tt8998028	4.6	17
tt8998380	7.5	7
tt9004294	8.1	64
tt9012618	7.9	12
tt9018822	4.7	12
tt9025180	8.5	90
tt9044932	8.3	314
tt9064400	7.2	76
tt9083210	4.6	13
tt9105386	3.9	10
tt9108232	7.4	20
tt9111220	7.4	4669
tt9114554	6.6	8
tt9122526	6.6	1155
tt9133456	8.4	5
tt9148038	5.8	8
tt9151310	6.2	54
tt9159144	8.7	4228
tt9165176	8.4	59
tt9165462	5.8	1872
tt9168988	9.4	216
tt9194034	6.6	275
tt9206770	9.1	842
tt9218134	8.4	60
tt9244564	9.0	31
tt9247818	4.8	174
tt9253782	8.1	53
tt9278386	8.7	106
tt9307028	6.5	509
tt9319256	8.6	154
tt9324736	5.5	6
tt9359526	8.8	108
tt9458150	8.6	14
tt9458840	7.1	21
tt9480752	6.0	48
tt9480916	9.2	323
tt9485336	5.2	7
tt9495410	7.8	17
tt9497316	5.3	11
tt9547912	5.5	11
tt9551536	7.9	76
tt9558180	8.0	10
tt9585268	7.0	30
tt9589494	7.4	12
tt9594300	7.9	66
tt9636800	6.7	264
tt9642968	6.8	6
tt9646834	7.2	753
tt9652928	7.5	659
tt9666192	3.9	179
tt9680176	4.0	14
tt9681994	8.7	613
tt9707676	8.7	6
tt9756062	8.7	17
tt9759828	6.6	8
tt9760540	7.5	7
tt9776132	3.0	162
tt9816090	7.9	144
tt9826524	7.7	48
tt9835468	7.0	35
tt9843522	9.4	21
tt9847692	7.5	113
tt9860690	7.0	921
tt9879778	7.9	68
tt9885436	5.9	17
tt9890390	9.8	6
tt9894170	8.9	11
tt9916216	8.7	21
