raceId,year,round,circuitId,name,date,time
1,2009,1,1,Australian Grand Prix,1238306400,06:00:00
2,2009,2,2,Malaysian Grand Prix,1238922000,09:00:00
3,2009,3,17,Chinese Grand Prix,1240124400,07:00:00
4,2009,4,3,Bahrain Grand Prix,1240747200,12:00:00
5,2009,5,4,Spanish Grand Prix,1241956800,12:00:00
6,2009,6,6,Monaco Grand Prix,1243166400,12:00:00
7,2009,7,5,Turkish Grand Prix,1244376000,12:00:00
8,2009,8,9,British Grand Prix,1245585600,12:00:00
9,2009,9,20,German Grand Prix,1247400000,12:00:00
10,2009,10,11,Hungarian Grand Prix,1248609600,12:00:00
11,2009,11,12,European Grand Prix,1251028800,12:00:00
12,2009,12,13,Belgian Grand Prix,1251633600,12:00:00
13,2009,13,14,Italian Grand Prix,1252843200,12:00:00
14,2009,14,15,Singapore Grand Prix,1254052800,12:00:00
15,2009,15,22,Japanese Grand Prix,1254632400,05:00:00
16,2009,16,18,Brazilian Grand Prix,1255881600,16:00:00
17,2009,17,24,Abu Dhabi Grand Prix,1257073200,11:00:00
18,2008,1,1,Australian Grand Prix,1205641800,04:30:00
19,2008,2,2,Malaysian Grand Prix,1206255600,07:00:00
20,2008,3,3,Bahrain Grand Prix,1207481400,11:30:00
21,2008,4,4,Spanish Grand Prix,1209297600,12:00:00
22,2008,5,5,Turkish Grand Prix,1210507200,12:00:00
23,2008,6,6,Monaco Grand Prix,1211716800,12:00:00
24,2008,7,7,Canadian Grand Prix,1212944400,17:00:00
25,2008,8,8,French Grand Prix,1214136000,12:00:00
26,2008,9,9,British Grand Prix,1215345600,12:00:00
27,2008,10,10,German Grand Prix,1216555200,12:00:00
28,2008,11,11,Hungarian Grand Prix,1217764800,12:00:00
29,2008,12,12,European Grand Prix,1219579200,12:00:00
30,2008,13,13,Belgian Grand Prix,1220788800,12:00:00
31,2008,14,14,Italian Grand Prix,1221393600,12:00:00
32,2008,15,15,Singapore Grand Prix,1222603200,12:00:00
33,2008,16,16,Japanese Grand Prix,1223785800,04:30:00
34,2008,17,17,Chinese Grand Prix,1224399600,07:00:00
35,2008,18,18,Brazilian Grand Prix,1225645200,17:00:00
36,2007,1,1,Australian Grand Prix,1174186800,03:00:00
37,2007,2,2,Malaysian Grand Prix,1176015600,07:00:00
38,2007,3,3,Bahrain Grand Prix,1176636600,11:30:00
39,2007,4,4,Spanish Grand Prix,1179057600,12:00:00
40,2007,5,6,Monaco Grand Prix,1180267200,12:00:00
41,2007,6,7,Canadian Grand Prix,1181494800,17:00:00
42,2007,7,19,United States Grand Prix,1182099600,17:00:00
43,2007,8,8,French Grand Prix,1183291200,12:00:00
44,2007,9,9,British Grand Prix,1183896000,12:00:00
45,2007,10,20,European Grand Prix,1185105600,12:00:00
46,2007,11,11,Hungarian Grand Prix,1186315200,12:00:00
47,2007,12,5,Turkish Grand Prix,1188129600,12:00:00
48,2007,13,14,Italian Grand Prix,1189339200,12:00:00
49,2007,14,13,Belgian Grand Prix,1189944000,12:00:00
50,2007,15,16,Japanese Grand Prix,1191126600,04:30:00
51,2007,16,17,Chinese Grand Prix,1191736800,06:00:00
52,2007,17,18,Brazilian Grand Prix,1192982400,16:00:00
53,2006,1,3,Bahrain Grand Prix,1142173800,14:30:00
54,2006,2,2,Malaysian Grand Prix,1142780400,15:00:00
55,2006,3,1,Australian Grand Prix,1143986400,14:00:00
56,2006,4,21,San Marino Grand Prix,1145800800,14:00:00
57,2006,5,20,European Grand Prix,1147010400,14:00:00
58,2006,6,4,Spanish Grand Prix,1147615200,14:00:00
59,2006,7,6,Monaco Grand Prix,1148824800,14:00:00
60,2006,8,9,British Grand Prix,1150027200,12:00:00
61,2006,9,7,Canadian Grand Prix,1151240400,13:00:00
62,2006,10,19,United States Grand Prix,1151848800,14:00:00
63,2006,11,8,French Grand Prix,1153058400,14:00:00
64,2006,12,10,German Grand Prix,1154268000,14:00:00
65,2006,13,11,Hungarian Grand Prix,1154872800,14:00:00
66,2006,14,5,Turkish Grand Prix,1156690800,15:00:00
67,2006,15,14,Italian Grand Prix,1157896800,14:00:00
68,2006,16,17,Chinese Grand Prix,1159711200,14:00:00
69,2006,17,22,Japanese Grand Prix,1160316000,14:00:00
70,2006,18,18,Brazilian Grand Prix,1161525600,14:00:00
71,2005,1,1,Australian Grand Prix,1110117600,14:00:00
72,2005,2,2,Malaysian Grand Prix,1111330800,15:00:00
73,2005,3,3,Bahrain Grand Prix,1112538600,14:30:00
74,2005,4,21,San Marino Grand Prix,1114351200,14:00:00
75,2005,5,4,Spanish Grand Prix,1115560800,14:00:00
76,2005,6,6,Monaco Grand Prix,1116770400,14:00:00
77,2005,7,20,European Grand Prix,1117375200,14:00:00
78,2005,8,7,Canadian Grand Prix,1118581200,13:00:00
79,2005,9,19,United States Grand Prix,1119189600,14:00:00
80,2005,10,8,French Grand Prix,1120399200,14:00:00
81,2005,11,9,British Grand Prix,1121004000,14:00:00
82,2005,12,10,German Grand Prix,1122213600,14:00:00
83,2005,13,11,Hungarian Grand Prix,1122818400,14:00:00
84,2005,14,5,Turkish Grand Prix,1124636400,15:00:00
85,2005,15,14,Italian Grand Prix,1125842400,14:00:00
86,2005,16,13,Belgian Grand Prix,1126447200,14:00:00
87,2005,17,18,Brazilian Grand Prix,1127656800,14:00:00
88,2005,18,22,Japanese Grand Prix,1128866400,14:00:00
89,2005,19,17,Chinese Grand Prix,1129471200,14:00:00
90,2004,1,1,Australian Grand Prix,1078617600,00:00:00
91,2004,2,2,Malaysian Grand Prix,1079827200,00:00:00
92,2004,3,3,Bahrain Grand Prix,1081036800,00:00:00
93,2004,4,21,San Marino Grand Prix,1082851200,00:00:00
94,2004,5,4,Spanish Grand Prix,1084060800,00:00:00
95,2004,6,6,Monaco Grand Prix,1085270400,00:00:00
96,2004,7,20,European Grand Prix,1085875200,00:00:00
97,2004,8,7,Canadian Grand Prix,1087084800,00:00:00
98,2004,9,19,United States Grand Prix,1087689600,00:00:00
99,2004,10,8,French Grand Prix,1088899200,00:00:00
100,2004,11,9,British Grand Prix,1089504000,00:00:00
101,2004,12,10,German Grand Prix,1090713600,00:00:00
102,2004,13,11,Hungarian Grand Prix,1092528000,00:00:00
103,2004,14,13,Belgian Grand Prix,1093737600,00:00:00
104,2004,15,14,Italian Grand Prix,1094947200,00:00:00
105,2004,16,17,Chinese Grand Prix,1096156800,00:00:00
106,2004,17,22,Japanese Grand Prix,1097366400,00:00:00
107,2004,18,18,Brazilian Grand Prix,1098576000,00:00:00
108,2003,1,1,Australian Grand Prix,1047168000,00:00:00
109,2003,2,2,Malaysian Grand Prix,1048377600,00:00:00
110,2003,3,18,Brazilian Grand Prix,1049587200,00:00:00
111,2003,4,21,San Marino Grand Prix,1050796800,00:00:00
112,2003,5,4,Spanish Grand Prix,1052006400,00:00:00
113,2003,6,70,Austrian Grand Prix,1053216000,00:00:00
114,2003,7,6,Monaco Grand Prix,1054425600,00:00:00
115,2003,8,7,Canadian Grand Prix,1055635200,00:00:00
116,2003,9,20,European Grand Prix,1056844800,00:00:00
117,2003,10,8,French Grand Prix,1057449600,00:00:00
118,2003,11,9,British Grand Prix,1058659200,00:00:00
119,2003,12,10,German Grand Prix,1059868800,00:00:00
120,2003,13,11,Hungarian Grand Prix,1061683200,00:00:00
121,2003,14,14,Italian Grand Prix,1063497600,00:00:00
122,2003,15,19,United States Grand Prix,1064707200,00:00:00
123,2003,16,22,Japanese Grand Prix,1065916800,00:00:00
124,2002,1,1,Australian Grand Prix,1015113600,00:00:00
125,2002,2,2,Malaysian Grand Prix,1016323200,00:00:00
126,2002,3,18,Brazilian Grand Prix,1017532800,00:00:00
127,2002,4,21,San Marino Grand Prix,1018742400,00:00:00
128,2002,5,4,Spanish Grand Prix,1019952000,00:00:00
129,2002,6,70,Austrian Grand Prix,1021161600,00:00:00
130,2002,7,6,Monaco Grand Prix,1022371200,00:00:00
131,2002,8,7,Canadian Grand Prix,1023580800,00:00:00
132,2002,9,20,European Grand Prix,1024790400,00:00:00
133,2002,10,9,British Grand Prix,1026000000,00:00:00
134,2002,11,8,French Grand Prix,1027209600,00:00:00
135,2002,12,10,German Grand Prix,1027814400,00:00:00
136,2002,13,11,Hungarian Grand Prix,1029628800,00:00:00
137,2002,14,13,Belgian Grand Prix,1030838400,00:00:00
138,2002,15,14,Italian Grand Prix,1032048000,00:00:00
139,2002,16,19,United States Grand Prix,1033257600,00:00:00
140,2002,17,22,Japanese Grand Prix,1034467200,00:00:00
141,2001,1,1,Australian Grand Prix,983664000,00:00:00
142,2001,2,2,Malaysian Grand Prix,984873600,00:00:00
143,2001,3,18,Brazilian Grand Prix,986083200,00:00:00
144,2001,4,21,San Marino Grand Prix,987292800,00:00:00
145,2001,5,4,Spanish Grand Prix,988502400,00:00:00
146,2001,6,70,Austrian Grand Prix,989712000,00:00:00
147,2001,7,6,Monaco Grand Prix,990921600,00:00:00
148,2001,8,7,Canadian Grand Prix,992131200,00:00:00
149,2001,9,20,European Grand Prix,993340800,00:00:00
150,2001,10,8,French Grand Prix,993945600,00:00:00
151,2001,11,9,British Grand Prix,995155200,00:00:00
152,2001,12,10,German Grand Prix,996364800,00:00:00
153,2001,13,11,Hungarian Grand Prix,998179200,00:00:00
154,2001,14,13,Belgian Grand Prix,999388800,00:00:00
155,2001,15,14,Italian Grand Prix,1000598400,00:00:00
156,2001,16,19,United States Grand Prix,1001808000,00:00:00
157,2001,17,22,Japanese Grand Prix,1003017600,00:00:00
158,2000,1,1,Australian Grand Prix,952819200,00:00:00
159,2000,2,18,Brazilian Grand Prix,954028800,00:00:00
160,2000,3,21,San Marino Grand Prix,955238400,00:00:00
161,2000,4,9,British Grand Prix,956448000,00:00:00
162,2000,5,4,Spanish Grand Prix,957657600,00:00:00
163,2000,6,20,European Grand Prix,958867200,00:00:00
164,2000,7,6,Monaco Grand Prix,960076800,00:00:00
165,2000,8,7,Canadian Grand Prix,961286400,00:00:00
166,2000,9,8,French Grand Prix,962496000,00:00:00
167,2000,10,70,Austrian Grand Prix,963705600,00:00:00
168,2000,11,10,German Grand Prix,964915200,00:00:00
169,2000,12,11,Hungarian Grand Prix,966124800,00:00:00
170,2000,13,13,Belgian Grand Prix,967334400,00:00:00
171,2000,14,14,Italian Grand Prix,968544000,00:00:00
172,2000,15,19,United States Grand Prix,969753600,00:00:00
173,2000,16,22,Japanese Grand Prix,970963200,00:00:00
174,2000,17,2,Malaysian Grand Prix,972172800,00:00:00
175,1999,1,1,Australian Grand Prix,920764800,00:00:00
176,1999,2,18,Brazilian Grand Prix,923788800,00:00:00
177,1999,3,21,San Marino Grand Prix,925603200,00:00:00
178,1999,4,6,Monaco Grand Prix,926812800,00:00:00
179,1999,5,4,Spanish Grand Prix,928022400,00:00:00
180,1999,6,7,Canadian Grand Prix,929232000,00:00:00
181,1999,7,8,French Grand Prix,930441600,00:00:00
182,1999,8,9,British Grand Prix,931651200,00:00:00
183,1999,9,70,Austrian Grand Prix,932860800,00:00:00
184,1999,10,10,German Grand Prix,933465600,00:00:00
185,1999,11,11,Hungarian Grand Prix,934675200,00:00:00
186,1999,12,13,Belgian Grand Prix,935884800,00:00:00
187,1999,13,14,Italian Grand Prix,937094400,00:00:00
188,1999,14,20,European Grand Prix,938304000,00:00:00
189,1999,15,2,Malaysian Grand Prix,940118400,00:00:00
190,1999,16,22,Japanese Grand Prix,941328000,00:00:00
191,1998,1,1,Australian Grand Prix,889315200,00:00:00
192,1998,2,18,Brazilian Grand Prix,891129600,00:00:00
193,1998,3,25,Argentine Grand Prix,892339200,00:00:00
194,1998,4,21,San Marino Grand Prix,893548800,00:00:00
195,1998,5,4,Spanish Grand Prix,894758400,00:00:00
196,1998,6,6,Monaco Grand Prix,895968000,00:00:00
197,1998,7,7,Canadian Grand Prix,897177600,00:00:00
198,1998,8,8,French Grand Prix,898992000,00:00:00
199,1998,9,9,British Grand Prix,900201600,00:00:00
200,1998,10,70,Austrian Grand Prix,901411200,00:00:00
201,1998,11,10,German Grand Prix,902016000,00:00:00
202,1998,12,11,Hungarian Grand Prix,903225600,00:00:00
203,1998,13,13,Belgian Grand Prix,904435200,00:00:00
204,1998,14,14,Italian Grand Prix,905644800,00:00:00
205,1998,15,20,Luxembourg Grand Prix,906854400,00:00:00
206,1998,16,22,Japanese Grand Prix,909878400,00:00:00
207,1997,1,1,Australian Grand Prix,857865600,00:00:00
208,1997,2,18,Brazilian Grand Prix,859680000,00:00:00
209,1997,3,25,Argentine Grand Prix,860889600,00:00:00
210,1997,4,21,San Marino Grand Prix,862099200,00:00:00
211,1997,5,6,Monaco Grand Prix,863308800,00:00:00
212,1997,6,4,Spanish Grand Prix,864518400,00:00:00
213,1997,7,7,Canadian Grand Prix,866332800,00:00:00
214,1997,8,8,French Grand Prix,867542400,00:00:00
215,1997,9,9,British Grand Prix,868752000,00:00:00
216,1997,10,10,German Grand Prix,869961600,00:00:00
217,1997,11,11,Hungarian Grand Prix,871171200,00:00:00
218,1997,12,13,Belgian Grand Prix,872380800,00:00:00
219,1997,13,14,Italian Grand Prix,873590400,00:00:00
220,1997,14,70,Austrian Grand Prix,874800000,00:00:00
221,1997,15,20,Luxembourg Grand Prix,875404800,00:00:00
222,1997,16,22,Japanese Grand Prix,876614400,00:00:00
223,1997,17,26,European Grand Prix,877824000,00:00:00
224,1996,1,1,Australian Grand Prix,826416000,00:00:00
225,1996,2,18,Brazilian Grand Prix,828230400,00:00:00
226,1996,3,25,Argentine Grand Prix,828835200,00:00:00
227,1996,4,20,European Grand Prix,830649600,00:00:00
228,1996,5,21,San Marino Grand Prix,831254400,00:00:00
229,1996,6,6,Monaco Grand Prix,832464000,00:00:00
230,1996,7,4,Spanish Grand Prix,833673600,00:00:00
231,1996,8,7,Canadian Grand Prix,834883200,00:00:00
232,1996,9,8,French Grand Prix,836092800,00:00:00
233,1996,10,9,British Grand Prix,837302400,00:00:00
234,1996,11,10,German Grand Prix,838512000,00:00:00
235,1996,12,11,Hungarian Grand Prix,839721600,00:00:00
236,1996,13,13,Belgian Grand Prix,840931200,00:00:00
237,1996,14,14,Italian Grand Prix,842140800,00:00:00
238,1996,15,27,Portuguese Grand Prix,843350400,00:00:00
239,1996,16,22,Japanese Grand Prix,845164800,00:00:00
240,1995,1,18,Brazilian Grand Prix,796176000,00:00:00
241,1995,2,25,Argentine Grand Prix,797385600,00:00:00
242,1995,3,21,San Marino Grand Prix,799200000,00:00:00
243,1995,4,4,Spanish Grand Prix,800409600,00:00:00
244,1995,5,6,Monaco Grand Prix,801619200,00:00:00
245,1995,6,7,Canadian Grand Prix,802828800,00:00:00
246,1995,7,8,French Grand Prix,804643200,00:00:00
247,1995,8,9,British Grand Prix,805852800,00:00:00
248,1995,9,10,German Grand Prix,807062400,00:00:00
249,1995,10,11,Hungarian Grand Prix,808272000,00:00:00
250,1995,11,13,Belgian Grand Prix,809481600,00:00:00
251,1995,12,14,Italian Grand Prix,810691200,00:00:00
252,1995,13,27,Portuguese Grand Prix,811900800,00:00:00
253,1995,14,20,European Grand Prix,812505600,00:00:00
254,1995,15,28,Pacific Grand Prix,814320000,00:00:00
255,1995,16,22,Japanese Grand Prix,814924800,00:00:00
256,1995,17,29,Australian Grand Prix,816134400,00:00:00
257,1994,1,18,Brazilian Grand Prix,764726400,00:00:00
258,1994,2,28,Pacific Grand Prix,766540800,00:00:00
259,1994,3,21,San Marino Grand Prix,767750400,00:00:00
260,1994,4,6,Monaco Grand Prix,768960000,00:00:00
261,1994,5,4,Spanish Grand Prix,770169600,00:00:00
262,1994,6,7,Canadian Grand Prix,771379200,00:00:00
263,1994,7,8,French Grand Prix,773193600,00:00:00
264,1994,8,9,British Grand Prix,773798400,00:00:00
265,1994,9,10,German Grand Prix,775612800,00:00:00
266,1994,10,11,Hungarian Grand Prix,776822400,00:00:00
267,1994,11,13,Belgian Grand Prix,778032000,00:00:00
268,1994,12,14,Italian Grand Prix,779241600,00:00:00
269,1994,13,27,Portuguese Grand Prix,780451200,00:00:00
270,1994,14,26,European Grand Prix,782265600,00:00:00
271,1994,15,22,Japanese Grand Prix,784080000,00:00:00
272,1994,16,29,Australian Grand Prix,784684800,00:00:00
273,1993,1,30,South African Grand Prix,732067200,00:00:00
274,1993,2,18,Brazilian Grand Prix,733276800,00:00:00
275,1993,3,31,European Grand Prix,734486400,00:00:00
276,1993,4,21,San Marino Grand Prix,735696000,00:00:00
277,1993,5,4,Spanish Grand Prix,736905600,00:00:00
278,1993,6,6,Monaco Grand Prix,738115200,00:00:00
279,1993,7,7,Canadian Grand Prix,739929600,00:00:00
280,1993,8,8,French Grand Prix,741744000,00:00:00
281,1993,9,9,British Grand Prix,742348800,00:00:00
282,1993,10,10,German Grand Prix,743558400,00:00:00
283,1993,11,11,Hungarian Grand Prix,745372800,00:00:00
284,1993,12,13,Belgian Grand Prix,746582400,00:00:00
285,1993,13,14,Italian Grand Prix,747792000,00:00:00
286,1993,14,27,Portuguese Grand Prix,749001600,00:00:00
287,1993,15,22,Japanese Grand Prix,751420800,00:00:00
288,1993,16,29,Australian Grand Prix,752630400,00:00:00
289,1992,1,30,South African Grand Prix,699408000,00:00:00
290,1992,2,32,Mexican Grand Prix,701222400,00:00:00
291,1992,3,18,Brazilian Grand Prix,702432000,00:00:00
292,1992,4,4,Spanish Grand Prix,704851200,00:00:00
293,1992,5,21,San Marino Grand Prix,706060800,00:00:00
294,1992,6,6,Monaco Grand Prix,707270400,00:00:00
295,1992,7,7,Canadian Grand Prix,708480000,00:00:00
296,1992,8,8,French Grand Prix,710294400,00:00:00
297,1992,9,9,British Grand Prix,710899200,00:00:00
298,1992,10,10,German Grand Prix,712108800,00:00:00
299,1992,11,11,Hungarian Grand Prix,713923200,00:00:00
300,1992,12,13,Belgian Grand Prix,715132800,00:00:00
301,1992,13,14,Italian Grand Prix,716342400,00:00:00
302,1992,14,27,Portuguese Grand Prix,717552000,00:00:00
303,1992,15,22,Japanese Grand Prix,719971200,00:00:00
304,1992,16,29,Australian Grand Prix,721180800,00:00:00
305,1991,1,33,United States Grand Prix,668563200,00:00:00
306,1991,2,18,Brazilian Grand Prix,669772800,00:00:00
307,1991,3,21,San Marino Grand Prix,672796800,00:00:00
308,1991,4,6,Monaco Grand Prix,674006400,00:00:00
309,1991,5,7,Canadian Grand Prix,675820800,00:00:00
310,1991,6,32,Mexican Grand Prix,677030400,00:00:00
311,1991,7,8,French Grand Prix,678844800,00:00:00
312,1991,8,9,British Grand Prix,679449600,00:00:00
313,1991,9,10,German Grand Prix,680659200,00:00:00
314,1991,10,11,Hungarian Grand Prix,681868800,00:00:00
315,1991,11,13,Belgian Grand Prix,683078400,00:00:00
316,1991,12,14,Italian Grand Prix,684288000,00:00:00
317,1991,13,27,Portuguese Grand Prix,685497600,00:00:00
318,1991,14,4,Spanish Grand Prix,686102400,00:00:00
319,1991,15,22,Japanese Grand Prix,687916800,00:00:00
320,1991,16,29,Australian Grand Prix,689126400,00:00:00
321,1990,1,33,United States Grand Prix,637113600,00:00:00
322,1990,2,18,Brazilian Grand Prix,638323200,00:00:00
323,1990,3,21,San Marino Grand Prix,642556800,00:00:00
324,1990,4,6,Monaco Grand Prix,643766400,00:00:00
325,1990,5,7,Canadian Grand Prix,644976000,00:00:00
326,1990,6,32,Mexican Grand Prix,646185600,00:00:00
327,1990,7,34,French Grand Prix,647395200,00:00:00
328,1990,8,9,British Grand Prix,648000000,00:00:00
329,1990,9,10,German Grand Prix,649209600,00:00:00
330,1990,10,11,Hungarian Grand Prix,650419200,00:00:00
331,1990,11,13,Belgian Grand Prix,651628800,00:00:00
332,1990,12,14,Italian Grand Prix,652838400,00:00:00
333,1990,13,27,Portuguese Grand Prix,654048000,00:00:00
334,1990,14,26,Spanish Grand Prix,654652800,00:00:00
335,1990,15,22,Japanese Grand Prix,656467200,00:00:00
336,1990,16,29,Australian Grand Prix,657676800,00:00:00
337,2010,1,3,Bahrain Grand Prix,1268568000,12:00:00
338,2010,2,1,Australian Grand Prix,1269756000,06:00:00
339,2010,3,2,Malaysian Grand Prix,1270368000,08:00:00
340,2010,4,17,Chinese Grand Prix,1271570400,06:00:00
341,2010,5,4,Spanish Grand Prix,1273406400,12:00:00
342,2010,6,6,Monaco Grand Prix,1274011200,12:00:00
343,2010,7,5,Turkish Grand Prix,1275217200,11:00:00
344,2010,8,7,Canadian Grand Prix,1276444800,16:00:00
345,2010,9,12,European Grand Prix,1277640000,12:00:00
346,2010,10,9,British Grand Prix,1278849600,12:00:00
347,2010,11,10,German Grand Prix,1280059200,12:00:00
348,2010,12,11,Hungarian Grand Prix,1280664000,12:00:00
349,2010,13,13,Belgian Grand Prix,1283083200,12:00:00
350,2010,14,14,Italian Grand Prix,1284292800,12:00:00
351,2010,15,15,Singapore Grand Prix,1285502400,12:00:00
352,2010,16,22,Japanese Grand Prix,1286690400,06:00:00
353,2010,17,35,Korean Grand Prix,1287896400,05:00:00
354,2010,18,18,Brazilian Grand Prix,1289145600,16:00:00
355,2010,19,24,Abu Dhabi Grand Prix,1289739600,13:00:00
356,1989,1,36,Brazilian Grand Prix,606873600,00:00:00
357,1989,2,21,San Marino Grand Prix,609292800,00:00:00
358,1989,3,6,Monaco Grand Prix,610502400,00:00:00
359,1989,4,32,Mexican Grand Prix,612316800,00:00:00
360,1989,5,33,United States Grand Prix,612921600,00:00:00
361,1989,6,7,Canadian Grand Prix,614131200,00:00:00
362,1989,7,34,French Grand Prix,615945600,00:00:00
363,1989,8,9,British Grand Prix,616550400,00:00:00
364,1989,9,10,German Grand Prix,617760000,00:00:00
365,1989,10,11,Hungarian Grand Prix,618969600,00:00:00
366,1989,11,13,Belgian Grand Prix,620179200,00:00:00
367,1989,12,14,Italian Grand Prix,621388800,00:00:00
368,1989,13,27,Portuguese Grand Prix,622598400,00:00:00
369,1989,14,26,Spanish Grand Prix,623203200,00:00:00
370,1989,15,22,Japanese Grand Prix,625017600,00:00:00
371,1989,16,29,Australian Grand Prix,626227200,00:00:00
372,1988,1,36,Brazilian Grand Prix,576028800,00:00:00
373,1988,2,21,San Marino Grand Prix,578448000,00:00:00
374,1988,3,6,Monaco Grand Prix,579657600,00:00:00
375,1988,4,32,Mexican Grand Prix,580867200,00:00:00
376,1988,5,7,Canadian Grand Prix,582076800,00:00:00
377,1988,6,37,Detroit Grand Prix,582681600,00:00:00
378,1988,7,34,French Grand Prix,583891200,00:00:00
379,1988,8,9,British Grand Prix,584496000,00:00:00
380,1988,9,10,German Grand Prix,585705600,00:00:00
381,1988,10,11,Hungarian Grand Prix,586915200,00:00:00
382,1988,11,13,Belgian Grand Prix,588729600,00:00:00
383,1988,12,14,Italian Grand Prix,589939200,00:00:00
384,1988,13,27,Portuguese Grand Prix,591148800,00:00:00
385,1988,14,26,Spanish Grand Prix,591753600,00:00:00
386,1988,15,22,Japanese Grand Prix,594172800,00:00:00
387,1988,16,29,Australian Grand Prix,595382400,00:00:00
388,1987,1,36,Brazilian Grand Prix,545184000,00:00:00
389,1987,2,21,San Marino Grand Prix,546998400,00:00:00
390,1987,3,13,Belgian Grand Prix,548208000,00:00:00
391,1987,4,6,Monaco Grand Prix,549417600,00:00:00
392,1987,5,37,Detroit Grand Prix,551232000,00:00:00
393,1987,6,34,French Grand Prix,552441600,00:00:00
394,1987,7,9,British Grand Prix,553046400,00:00:00
395,1987,8,10,German Grand Prix,554256000,00:00:00
396,1987,9,11,Hungarian Grand Prix,555465600,00:00:00
397,1987,10,70,Austrian Grand Prix,556070400,00:00:00
398,1987,11,14,Italian Grand Prix,557884800,00:00:00
399,1987,12,27,Portuguese Grand Prix,559094400,00:00:00
400,1987,13,26,Spanish Grand Prix,559699200,00:00:00
401,1987,14,32,Mexican Grand Prix,561513600,00:00:00
402,1987,15,22,Japanese Grand Prix,562723200,00:00:00
403,1987,16,29,Australian Grand Prix,563932800,00:00:00
404,1986,1,36,Brazilian Grand Prix,511920000,00:00:00
405,1986,2,26,Spanish Grand Prix,513734400,00:00:00
406,1986,3,21,San Marino Grand Prix,514944000,00:00:00
407,1986,4,6,Monaco Grand Prix,516153600,00:00:00
408,1986,5,13,Belgian Grand Prix,517363200,00:00:00
409,1986,6,7,Canadian Grand Prix,519177600,00:00:00
410,1986,7,37,Detroit Grand Prix,519782400,00:00:00
411,1986,8,34,French Grand Prix,520992000,00:00:00
412,1986,9,38,British Grand Prix,521596800,00:00:00
413,1986,10,10,German Grand Prix,522806400,00:00:00
414,1986,11,11,Hungarian Grand Prix,524016000,00:00:00
415,1986,12,70,Austrian Grand Prix,524620800,00:00:00
416,1986,13,14,Italian Grand Prix,526435200,00:00:00
417,1986,14,27,Portuguese Grand Prix,527644800,00:00:00
418,1986,15,32,Mexican Grand Prix,529459200,00:00:00
419,1986,16,29,Australian Grand Prix,530668800,00:00:00
420,1985,1,36,Brazilian Grand Prix,481680000,00:00:00
421,1985,2,27,Portuguese Grand Prix,482889600,00:00:00
422,1985,3,21,San Marino Grand Prix,484099200,00:00:00
423,1985,4,6,Monaco Grand Prix,485308800,00:00:00
424,1985,5,7,Canadian Grand Prix,487728000,00:00:00
425,1985,6,37,Detroit Grand Prix,488332800,00:00:00
426,1985,7,34,French Grand Prix,489542400,00:00:00
427,1985,8,9,British Grand Prix,490752000,00:00:00
428,1985,9,20,German Grand Prix,491961600,00:00:00
429,1985,10,70,Austrian Grand Prix,493171200,00:00:00
430,1985,11,39,Dutch Grand Prix,493776000,00:00:00
431,1985,12,14,Italian Grand Prix,494985600,00:00:00
432,1985,13,13,Belgian Grand Prix,495590400,00:00:00
433,1985,14,38,European Grand Prix,497404800,00:00:00
434,1985,15,30,South African Grand Prix,498528000,00:00:00
435,1985,16,29,Australian Grand Prix,499824000,00:00:00
436,1984,1,36,Brazilian Grand Prix,449020800,00:00:00
437,1984,2,30,South African Grand Prix,450144000,00:00:00
438,1984,3,40,Belgian Grand Prix,452044800,00:00:00
439,1984,4,21,San Marino Grand Prix,452649600,00:00:00
440,1984,5,41,French Grand Prix,453859200,00:00:00
441,1984,6,6,Monaco Grand Prix,455068800,00:00:00
442,1984,7,7,Canadian Grand Prix,456278400,00:00:00
443,1984,8,37,Detroit Grand Prix,456883200,00:00:00
444,1984,9,42,Dallas Grand Prix,458092800,00:00:00
445,1984,10,38,British Grand Prix,459302400,00:00:00
446,1984,11,10,German Grand Prix,460512000,00:00:00
447,1984,12,70,Austrian Grand Prix,461721600,00:00:00
448,1984,13,39,Dutch Grand Prix,462326400,00:00:00
449,1984,14,14,Italian Grand Prix,463536000,00:00:00
450,1984,15,20,European Grand Prix,465955200,00:00:00
451,1984,16,27,Portuguese Grand Prix,467164800,00:00:00
452,1983,1,36,Brazilian Grand Prix,416361600,00:00:00
453,1983,2,43,United States Grand Prix West,417571200,00:00:00
454,1983,3,34,French Grand Prix,419385600,00:00:00
455,1983,4,21,San Marino Grand Prix,420595200,00:00:00
456,1983,5,6,Monaco Grand Prix,421804800,00:00:00
457,1983,6,13,Belgian Grand Prix,422409600,00:00:00
458,1983,7,37,Detroit Grand Prix,423619200,00:00:00
459,1983,8,7,Canadian Grand Prix,424224000,00:00:00
460,1983,9,9,British Grand Prix,427161600,00:00:00
461,1983,10,10,German Grand Prix,429062400,00:00:00
462,1983,11,70,Austrian Grand Prix,429667200,00:00:00
463,1983,12,39,Dutch Grand Prix,430876800,00:00:00
464,1983,13,14,Italian Grand Prix,432086400,00:00:00
465,1983,14,38,European Grand Prix,433296000,00:00:00
466,1983,15,30,South African Grand Prix,435024000,00:00:00
467,1982,1,30,South African Grand Prix,380592000,00:00:00
468,1982,2,36,Brazilian Grand Prix,385516800,00:00:00
469,1982,3,43,United States Grand Prix West,386726400,00:00:00
470,1982,4,21,San Marino Grand Prix,388540800,00:00:00
471,1982,5,40,Belgian Grand Prix,389750400,00:00:00
472,1982,6,6,Monaco Grand Prix,390960000,00:00:00
473,1982,7,37,Detroit Grand Prix,392169600,00:00:00
474,1982,8,7,Canadian Grand Prix,392774400,00:00:00
475,1982,9,39,Dutch Grand Prix,394502400,00:00:00
476,1982,10,38,British Grand Prix,395798400,00:00:00
477,1982,11,34,French Grand Prix,396403200,00:00:00
478,1982,12,10,German Grand Prix,397612800,00:00:00
479,1982,13,70,Austrian Grand Prix,398217600,00:00:00
480,1982,14,41,Swiss Grand Prix,399427200,00:00:00
481,1982,15,14,Italian Grand Prix,400636800,00:00:00
482,1982,16,44,Caesars Palace Grand Prix,401760000,00:00:00
483,1981,1,43,United States Grand Prix West,353462400,00:00:00
484,1981,2,36,Brazilian Grand Prix,354672000,00:00:00
485,1981,3,25,Argentine Grand Prix,355881600,00:00:00
486,1981,4,21,San Marino Grand Prix,357696000,00:00:00
487,1981,5,40,Belgian Grand Prix,358905600,00:00:00
488,1981,6,6,Monaco Grand Prix,360115200,00:00:00
489,1981,7,45,Spanish Grand Prix,361929600,00:00:00
490,1981,8,41,French Grand Prix,363139200,00:00:00
491,1981,9,9,British Grand Prix,364262400,00:00:00
492,1981,10,10,German Grand Prix,365558400,00:00:00
493,1981,11,70,Austrian Grand Prix,366768000,00:00:00
494,1981,12,39,Dutch Grand Prix,367977600,00:00:00
495,1981,13,14,Italian Grand Prix,369187200,00:00:00
496,1981,14,7,Canadian Grand Prix,370396800,00:00:00
497,1981,15,44,Caesars Palace Grand Prix,372124800,00:00:00
498,1980,1,25,Argentine Grand Prix,316569600,00:00:00
499,1980,2,18,Brazilian Grand Prix,317779200,00:00:00
500,1980,3,30,South African Grand Prix,320716800,00:00:00
501,1980,4,43,United States Grand Prix West,323222400,00:00:00
502,1980,5,40,Belgian Grand Prix,326246400,00:00:00
503,1980,6,6,Monaco Grand Prix,327456000,00:00:00
504,1980,7,34,French Grand Prix,331084800,00:00:00
505,1980,8,38,British Grand Prix,332294400,00:00:00
506,1980,9,10,German Grand Prix,334713600,00:00:00
507,1980,10,70,Austrian Grand Prix,335318400,00:00:00
508,1980,11,39,Dutch Grand Prix,336528000,00:00:00
509,1980,12,21,Italian Grand Prix,337737600,00:00:00
510,1980,13,7,Canadian Grand Prix,338947200,00:00:00
511,1980,14,46,United States Grand Prix,339552000,00:00:00
512,1979,1,25,Argentine Grand Prix,285724800,00:00:00
513,1979,2,18,Brazilian Grand Prix,286934400,00:00:00
514,1979,3,30,South African Grand Prix,289267200,00:00:00
515,1979,4,43,United States Grand Prix West,292377600,00:00:00
516,1979,5,45,Spanish Grand Prix,294192000,00:00:00
517,1979,6,40,Belgian Grand Prix,295401600,00:00:00
518,1979,7,6,Monaco Grand Prix,296611200,00:00:00
519,1979,8,41,French Grand Prix,299635200,00:00:00
520,1979,9,9,British Grand Prix,300758400,00:00:00
521,1979,10,10,German Grand Prix,302054400,00:00:00
522,1979,11,70,Austrian Grand Prix,303264000,00:00:00
523,1979,12,39,Dutch Grand Prix,304473600,00:00:00
524,1979,13,14,Italian Grand Prix,305683200,00:00:00
525,1979,14,7,Canadian Grand Prix,307497600,00:00:00
526,1979,15,46,United States Grand Prix,308102400,00:00:00
527,1978,1,25,Argentine Grand Prix,253670400,00:00:00
528,1978,2,36,Brazilian Grand Prix,254880000,00:00:00
529,1978,3,30,South African Grand Prix,257817600,00:00:00
530,1978,4,43,United States Grand Prix West,260323200,00:00:00
531,1978,5,6,Monaco Grand Prix,263347200,00:00:00
532,1978,6,40,Belgian Grand Prix,264556800,00:00:00
533,1978,7,45,Spanish Grand Prix,265766400,00:00:00
534,1978,8,47,Swedish Grand Prix,266889600,00:00:00
535,1978,9,34,French Grand Prix,268185600,00:00:00
536,1978,10,38,British Grand Prix,269395200,00:00:00
537,1978,11,10,German Grand Prix,270604800,00:00:00
538,1978,12,70,Austrian Grand Prix,271814400,00:00:00
539,1978,13,39,Dutch Grand Prix,273024000,00:00:00
540,1978,14,14,Italian Grand Prix,274233600,00:00:00
541,1978,15,46,United States Grand Prix,276048000,00:00:00
542,1978,16,7,Canadian Grand Prix,276652800,00:00:00
543,1977,1,25,Argentine Grand Prix,221616000,00:00:00
544,1977,2,18,Brazilian Grand Prix,222825600,00:00:00
545,1977,3,30,South African Grand Prix,226368000,00:00:00
546,1977,4,43,United States Grand Prix West,228873600,00:00:00
547,1977,5,45,Spanish Grand Prix,231897600,00:00:00
548,1977,6,6,Monaco Grand Prix,233107200,00:00:00
549,1977,7,40,Belgian Grand Prix,234316800,00:00:00
550,1977,8,47,Swedish Grand Prix,235526400,00:00:00
551,1977,9,41,French Grand Prix,236736000,00:00:00
552,1977,10,9,British Grand Prix,237859200,00:00:00
553,1977,11,10,German Grand Prix,239155200,00:00:00
554,1977,12,70,Austrian Grand Prix,240364800,00:00:00
555,1977,13,39,Dutch Grand Prix,241574400,00:00:00
556,1977,14,14,Italian Grand Prix,242784000,00:00:00
557,1977,15,46,United States Grand Prix,244598400,00:00:00
558,1977,16,48,Canadian Grand Prix,245203200,00:00:00
559,1977,17,16,Japanese Grand Prix,246412800,00:00:00
560,1976,1,18,Brazilian Grand Prix,191376000,00:00:00
561,1976,2,30,South African Grand Prix,194918400,00:00:00
562,1976,3,43,United States Grand Prix West,196819200,00:00:00
563,1976,4,45,Spanish Grand Prix,199843200,00:00:00
564,1976,5,40,Belgian Grand Prix,201052800,00:00:00
565,1976,6,6,Monaco Grand Prix,202262400,00:00:00
566,1976,7,47,Swedish Grand Prix,203472000,00:00:00
567,1976,8,34,French Grand Prix,205286400,00:00:00
568,1976,9,38,British Grand Prix,206496000,00:00:00
569,1976,10,20,German Grand Prix,207705600,00:00:00
570,1976,11,70,Austrian Grand Prix,208915200,00:00:00
571,1976,12,39,Dutch Grand Prix,210124800,00:00:00
572,1976,13,14,Italian Grand Prix,211334400,00:00:00
573,1976,14,48,Canadian Grand Prix,213148800,00:00:00
574,1976,15,46,United States Grand Prix,213753600,00:00:00
575,1976,16,16,Japanese Grand Prix,214963200,00:00:00
576,1975,1,25,Argentine Grand Prix,158716800,00:00:00
577,1975,2,18,Brazilian Grand Prix,159926400,00:00:00
578,1975,3,30,South African Grand Prix,162864000,00:00:00
579,1975,4,49,Spanish Grand Prix,167788800,00:00:00
580,1975,5,6,Monaco Grand Prix,168998400,00:00:00
581,1975,6,40,Belgian Grand Prix,170208000,00:00:00
582,1975,7,47,Swedish Grand Prix,171417600,00:00:00
583,1975,8,39,Dutch Grand Prix,172627200,00:00:00
584,1975,9,34,French Grand Prix,173836800,00:00:00
585,1975,10,9,British Grand Prix,174960000,00:00:00
586,1975,11,20,German Grand Prix,176256000,00:00:00
587,1975,12,70,Austrian Grand Prix,177465600,00:00:00
588,1975,13,14,Italian Grand Prix,179280000,00:00:00
589,1975,14,46,United States Grand Prix,181699200,00:00:00
590,1974,1,25,Argentine Grand Prix,127267200,00:00:00
591,1974,2,18,Brazilian Grand Prix,128476800,00:00:00
592,1974,3,30,South African Grand Prix,133833600,00:00:00
593,1974,4,45,Spanish Grand Prix,136339200,00:00:00
594,1974,5,50,Belgian Grand Prix,137548800,00:00:00
595,1974,6,6,Monaco Grand Prix,138758400,00:00:00
596,1974,7,47,Swedish Grand Prix,139968000,00:00:00
597,1974,8,39,Dutch Grand Prix,141177600,00:00:00
598,1974,9,41,French Grand Prix,142387200,00:00:00
599,1974,10,38,British Grand Prix,143510400,00:00:00
600,1974,11,20,German Grand Prix,144806400,00:00:00
601,1974,12,70,Austrian Grand Prix,146016000,00:00:00
602,1974,13,14,Italian Grand Prix,147830400,00:00:00
603,1974,14,48,Canadian Grand Prix,149040000,00:00:00
604,1974,15,46,United States Grand Prix,150249600,00:00:00
605,1973,1,25,Argentine Grand Prix,97027200,00:00:00
606,1973,2,18,Brazilian Grand Prix,98236800,00:00:00
607,1973,3,30,South African Grand Prix,99964800,00:00:00
608,1973,4,49,Spanish Grand Prix,104889600,00:00:00
609,1973,5,40,Belgian Grand Prix,106704000,00:00:00
610,1973,6,6,Monaco Grand Prix,107913600,00:00:00
611,1973,7,47,Swedish Grand Prix,109123200,00:00:00
612,1973,8,34,French Grand Prix,110332800,00:00:00
613,1973,9,9,British Grand Prix,111456000,00:00:00
614,1973,10,39,Dutch Grand Prix,112752000,00:00:00
615,1973,11,20,German Grand Prix,113356800,00:00:00
616,1973,12,70,Austrian Grand Prix,114566400,00:00:00
617,1973,13,14,Italian Grand Prix,116380800,00:00:00
618,1973,14,48,Canadian Grand Prix,117590400,00:00:00
619,1973,15,46,United States Grand Prix,118800000,00:00:00
620,1972,1,25,Argentine Grand Prix,64972800,00:00:00
621,1972,2,30,South African Grand Prix,68515200,00:00:00
622,1972,3,45,Spanish Grand Prix,73526400,00:00:00
623,1972,4,6,Monaco Grand Prix,74649600,00:00:00
624,1972,5,50,Belgian Grand Prix,76464000,00:00:00
625,1972,6,51,French Grand Prix,78883200,00:00:00
626,1972,7,38,British Grand Prix,80006400,00:00:00
627,1972,8,20,German Grand Prix,81302400,00:00:00
628,1972,9,70,Austrian Grand Prix,82512000,00:00:00
629,1972,10,14,Italian Grand Prix,84931200,00:00:00
630,1972,11,48,Canadian Grand Prix,86140800,00:00:00
631,1972,12,46,United States Grand Prix,87350400,00:00:00
632,1971,1,30,South African Grand Prix,37065600,00:00:00
633,1971,2,49,Spanish Grand Prix,40780800,00:00:00
634,1971,3,6,Monaco Grand Prix,43804800,00:00:00
635,1971,4,39,Dutch Grand Prix,46224000,00:00:00
636,1971,5,34,French Grand Prix,47433600,00:00:00
637,1971,6,9,British Grand Prix,48556800,00:00:00
638,1971,7,20,German Grand Prix,49852800,00:00:00
639,1971,8,70,Austrian Grand Prix,51062400,00:00:00
640,1971,9,14,Italian Grand Prix,52876800,00:00:00
641,1971,10,48,Canadian Grand Prix,54086400,00:00:00
642,1971,11,46,United States Grand Prix,55296000,00:00:00
643,1970,1,30,South African Grand Prix,5616000,00:00:00
644,1970,2,45,Spanish Grand Prix,9331200,00:00:00
645,1970,3,6,Monaco Grand Prix,11145600,00:00:00
646,1970,4,13,Belgian Grand Prix,13564800,00:00:00
647,1970,5,39,Dutch Grand Prix,14774400,00:00:00
648,1970,6,51,French Grand Prix,15984000,00:00:00
649,1970,7,38,British Grand Prix,17107200,00:00:00
650,1970,8,10,German Grand Prix,18403200,00:00:00
651,1970,9,70,Austrian Grand Prix,19612800,00:00:00
652,1970,10,14,Italian Grand Prix,21427200,00:00:00
653,1970,11,52,Canadian Grand Prix,22636800,00:00:00
654,1970,12,46,United States Grand Prix,23846400,00:00:00
655,1970,13,32,Mexican Grand Prix,25660800,00:00:00
656,1969,1,30,South African Grand Prix,-26438400,00:00:00
657,1969,2,49,Spanish Grand Prix,-20908800,00:00:00
658,1969,3,6,Monaco Grand Prix,-19699200,00:00:00
659,1969,4,39,Dutch Grand Prix,-16761600,00:00:00
660,1969,5,51,French Grand Prix,-15465600,00:00:00
661,1969,6,9,British Grand Prix,-14342400,00:00:00
662,1969,7,20,German Grand Prix,-13046400,00:00:00
663,1969,8,14,Italian Grand Prix,-10022400,00:00:00
664,1969,9,48,Canadian Grand Prix,-8899200,00:00:00
665,1969,10,46,United States Grand Prix,-7603200,00:00:00
666,1969,11,32,Mexican Grand Prix,-6393600,00:00:00
667,1968,1,30,South African Grand Prix,-63158400,00:00:00
668,1968,2,45,Spanish Grand Prix,-51753600,00:00:00
669,1968,3,6,Monaco Grand Prix,-50544000,00:00:00
670,1968,4,13,Belgian Grand Prix,-49334400,00:00:00
671,1968,5,39,Dutch Grand Prix,-48124800,00:00:00
672,1968,6,53,French Grand Prix,-46915200,00:00:00
673,1968,7,38,British Grand Prix,-45792000,00:00:00
674,1968,8,20,German Grand Prix,-44496000,00:00:00
675,1968,9,14,Italian Grand Prix,-41472000,00:00:00
676,1968,10,52,Canadian Grand Prix,-40262400,00:00:00
677,1968,11,46,United States Grand Prix,-39052800,00:00:00
678,1968,12,32,Mexican Grand Prix,-36633600,00:00:00
679,1967,1,30,South African Grand Prix,-94608000,00:00:00
680,1967,2,6,Monaco Grand Prix,-83808000,00:00:00
681,1967,3,39,Dutch Grand Prix,-81388800,00:00:00
682,1967,4,13,Belgian Grand Prix,-80179200,00:00:00
683,1967,5,54,French Grand Prix,-78969600,00:00:00
684,1967,6,9,British Grand Prix,-77846400,00:00:00
685,1967,7,20,German Grand Prix,-75945600,00:00:00
686,1967,8,48,Canadian Grand Prix,-74131200,00:00:00
687,1967,9,14,Italian Grand Prix,-72921600,00:00:00
688,1967,10,46,United States Grand Prix,-71107200,00:00:00
689,1967,11,32,Mexican Grand Prix,-69292800,00:00:00
690,1966,1,6,Monaco Grand Prix,-114048000,00:00:00
691,1966,2,13,Belgian Grand Prix,-112233600,00:00:00
692,1966,3,55,French Grand Prix,-110419200,00:00:00
693,1966,4,38,British Grand Prix,-109296000,00:00:00
694,1966,5,39,Dutch Grand Prix,-108604800,00:00:00
695,1966,6,20,German Grand Prix,-107395200,00:00:00
696,1966,7,14,Italian Grand Prix,-104976000,00:00:00
697,1966,8,46,United States Grand Prix,-102556800,00:00:00
698,1966,9,32,Mexican Grand Prix,-100742400,00:00:00
699,1965,1,56,South African Grand Prix,-157766400,00:00:00
700,1965,2,6,Monaco Grand Prix,-144892800,00:00:00
701,1965,3,13,Belgian Grand Prix,-143683200,00:00:00
702,1965,4,51,French Grand Prix,-142473600,00:00:00
703,1965,5,9,British Grand Prix,-141350400,00:00:00
704,1965,6,39,Dutch Grand Prix,-140659200,00:00:00
705,1965,7,20,German Grand Prix,-139449600,00:00:00
706,1965,8,14,Italian Grand Prix,-135820800,00:00:00
707,1965,9,46,United States Grand Prix,-134006400,00:00:00
708,1965,10,32,Mexican Grand Prix,-132192000,00:00:00
709,1964,1,6,Monaco Grand Prix,-178156800,00:00:00
710,1964,2,39,Dutch Grand Prix,-176947200,00:00:00
711,1964,3,13,Belgian Grand Prix,-175132800,00:00:00
712,1964,4,53,French Grand Prix,-173923200,00:00:00
713,1964,5,38,British Grand Prix,-172800000,00:00:00
714,1964,6,20,German Grand Prix,-170899200,00:00:00
715,1964,7,57,Austrian Grand Prix,-169084800,00:00:00
716,1964,8,14,Italian Grand Prix,-167875200,00:00:00
717,1964,9,46,United States Grand Prix,-165456000,00:00:00
718,1964,10,32,Mexican Grand Prix,-163641600,00:00:00
719,1963,1,6,Monaco Grand Prix,-208396800,00:00:00
720,1963,2,13,Belgian Grand Prix,-207187200,00:00:00
721,1963,3,39,Dutch Grand Prix,-205977600,00:00:00
722,1963,4,55,French Grand Prix,-205372800,00:00:00
723,1963,5,9,British Grand Prix,-203644800,00:00:00
724,1963,6,20,German Grand Prix,-202348800,00:00:00
725,1963,7,14,Italian Grand Prix,-199324800,00:00:00
726,1963,8,46,United States Grand Prix,-196905600,00:00:00
727,1963,9,32,Mexican Grand Prix,-195091200,00:00:00
728,1963,10,56,South African Grand Prix,-189734400,00:00:00
729,1962,1,39,Dutch Grand Prix,-240451200,00:00:00
730,1962,2,6,Monaco Grand Prix,-239241600,00:00:00
731,1962,3,13,Belgian Grand Prix,-238032000,00:00:00
732,1962,4,53,French Grand Prix,-236217600,00:00:00
733,1962,5,58,British Grand Prix,-235094400,00:00:00
734,1962,6,20,German Grand Prix,-233798400,00:00:00
735,1962,7,14,Italian Grand Prix,-230169600,00:00:00
736,1962,8,46,United States Grand Prix,-228355200,00:00:00
737,1962,9,56,South African Grand Prix,-221184000,00:00:00
738,1961,1,6,Monaco Grand Prix,-272505600,00:00:00
739,1961,2,39,Dutch Grand Prix,-271814400,00:00:00
740,1961,3,13,Belgian Grand Prix,-269481600,00:00:00
741,1961,4,55,French Grand Prix,-268272000,00:00:00
742,1961,5,58,British Grand Prix,-267148800,00:00:00
743,1961,6,20,German Grand Prix,-265248000,00:00:00
744,1961,7,14,Italian Grand Prix,-262224000,00:00:00
745,1961,8,46,United States Grand Prix,-259804800,00:00:00
746,1960,1,25,Argentine Grand Prix,-312422400,00:00:00
747,1960,2,6,Monaco Grand Prix,-302745600,00:00:00
748,1960,3,19,Indianapolis 500,-302659200,00:00:00
749,1960,4,39,Dutch Grand Prix,-302054400,00:00:00
750,1960,5,13,Belgian Grand Prix,-300931200,00:00:00
751,1960,6,55,French Grand Prix,-299721600,00:00:00
752,1960,7,9,British Grand Prix,-298598400,00:00:00
753,1960,8,59,Portuguese Grand Prix,-296092800,00:00:00
754,1960,9,14,Italian Grand Prix,-294278400,00:00:00
755,1960,10,60,United States Grand Prix,-287625600,00:00:00
756,1959,1,6,Monaco Grand Prix,-336009600,00:00:00
757,1959,2,19,Indianapolis 500,-334281600,00:00:00
758,1959,3,39,Dutch Grand Prix,-334195200,00:00:00
759,1959,4,55,French Grand Prix,-331171200,00:00:00
760,1959,5,58,British Grand Prix,-330048000,00:00:00
761,1959,6,61,German Grand Prix,-328752000,00:00:00
762,1959,7,62,Portuguese Grand Prix,-326937600,00:00:00
763,1959,8,14,Italian Grand Prix,-325123200,00:00:00
764,1959,9,63,United States Grand Prix,-317347200,00:00:00
765,1958,1,25,Argentine Grand Prix,-377136000,00:00:00
766,1958,2,6,Monaco Grand Prix,-366854400,00:00:00
767,1958,3,39,Dutch Grand Prix,-366163200,00:00:00
768,1958,4,19,Indianapolis 500,-365817600,00:00:00
769,1958,5,13,Belgian Grand Prix,-364435200,00:00:00
770,1958,6,55,French Grand Prix,-362620800,00:00:00
771,1958,7,9,British Grand Prix,-361497600,00:00:00
772,1958,8,20,German Grand Prix,-360201600,00:00:00
773,1958,9,59,Portuguese Grand Prix,-358387200,00:00:00
774,1958,10,14,Italian Grand Prix,-357177600,00:00:00
775,1958,11,64,Moroccan Grand Prix,-353548800,00:00:00
776,1957,1,25,Argentine Grand Prix,-409190400,00:00:00
777,1957,2,6,Monaco Grand Prix,-398304000,00:00:00
778,1957,3,19,Indianapolis 500,-397353600,00:00:00
779,1957,4,53,French Grand Prix,-394070400,00:00:00
780,1957,5,58,British Grand Prix,-392947200,00:00:00
781,1957,6,20,German Grand Prix,-391651200,00:00:00
782,1957,7,65,Pescara Grand Prix,-390441600,00:00:00
783,1957,8,14,Italian Grand Prix,-388627200,00:00:00
784,1956,1,25,Argentine Grand Prix,-440035200,00:00:00
785,1956,2,6,Monaco Grand Prix,-430358400,00:00:00
786,1956,3,19,Indianapolis 500,-428889600,00:00:00
787,1956,4,13,Belgian Grand Prix,-428544000,00:00:00
788,1956,5,55,French Grand Prix,-426124800,00:00:00
789,1956,6,9,British Grand Prix,-425001600,00:00:00
790,1956,7,20,German Grand Prix,-423100800,00:00:00
791,1956,8,14,Italian Grand Prix,-420681600,00:00:00
792,1955,1,25,Argentine Grand Prix,-472089600,00:00:00
793,1955,2,6,Monaco Grand Prix,-461203200,00:00:00
794,1955,3,19,Indianapolis 500,-460512000,00:00:00
795,1955,4,13,Belgian Grand Prix,-459993600,00:00:00
796,1955,5,39,Dutch Grand Prix,-458784000,00:00:00
797,1955,6,58,British Grand Prix,-456451200,00:00:00
798,1955,7,14,Italian Grand Prix,-451526400,00:00:00
799,1954,1,25,Argentine Grand Prix,-503539200,00:00:00
800,1954,2,19,Indianapolis 500,-491961600,00:00:00
801,1954,3,13,Belgian Grand Prix,-490233600,00:00:00
802,1954,4,55,French Grand Prix,-489024000,00:00:00
803,1954,5,9,British Grand Prix,-487900800,00:00:00
804,1954,6,20,German Grand Prix,-486604800,00:00:00
805,1954,7,66,Swiss Grand Prix,-484790400,00:00:00
806,1954,8,14,Italian Grand Prix,-483580800,00:00:00
807,1954,9,67,Spanish Grand Prix,-479347200,00:00:00
808,1953,1,25,Argentine Grand Prix,-534988800,00:00:00
809,1953,2,19,Indianapolis 500,-523584000,00:00:00
810,1953,3,39,Dutch Grand Prix,-522892800,00:00:00
811,1953,4,13,Belgian Grand Prix,-521683200,00:00:00
812,1953,5,55,French Grand Prix,-520473600,00:00:00
813,1953,6,9,British Grand Prix,-519350400,00:00:00
814,1953,7,20,German Grand Prix,-518054400,00:00:00
815,1953,8,66,Swiss Grand Prix,-516240000,00:00:00
816,1953,9,14,Italian Grand Prix,-514425600,00:00:00
817,1952,1,66,Swiss Grand Prix,-556156800,00:00:00
818,1952,2,19,Indianapolis 500,-555120000,00:00:00
819,1952,3,13,Belgian Grand Prix,-553132800,00:00:00
820,1952,4,53,French Grand Prix,-551923200,00:00:00
821,1952,5,9,British Grand Prix,-550800000,00:00:00
822,1952,6,20,German Grand Prix,-549504000,00:00:00
823,1952,7,39,Dutch Grand Prix,-548294400,00:00:00
824,1952,8,14,Italian Grand Prix,-546480000,00:00:00
825,1951,1,66,Swiss Grand Prix,-587001600,00:00:00
826,1951,2,19,Indianapolis 500,-586742400,00:00:00
827,1951,3,13,Belgian Grand Prix,-585187200,00:00:00
828,1951,4,55,French Grand Prix,-583977600,00:00:00
829,1951,5,9,British Grand Prix,-582854400,00:00:00
830,1951,6,20,German Grand Prix,-581558400,00:00:00
831,1951,7,14,Italian Grand Prix,-577324800,00:00:00
832,1951,8,67,Spanish Grand Prix,-573696000,00:00:00
833,1950,1,9,British Grand Prix,-619747200,00:00:00
834,1950,2,6,Monaco Grand Prix,-619056000,00:00:00
835,1950,3,19,Indianapolis 500,-618278400,00:00:00
836,1950,4,66,Swiss Grand Prix,-617846400,00:00:00
837,1950,5,13,Belgian Grand Prix,-616636800,00:00:00
838,1950,6,55,French Grand Prix,-615427200,00:00:00
839,1950,7,14,Italian Grand Prix,-609984000,00:00:00
841,2011,1,1,Australian Grand Prix,1301205600,06:00:00
842,2011,2,2,Malaysian Grand Prix,1302422400,08:00:00
843,2011,3,17,Chinese Grand Prix,1303023600,07:00:00
844,2011,4,5,Turkish Grand Prix,1304856000,12:00:00
845,2011,5,4,Spanish Grand Prix,1306065600,12:00:00
846,2011,6,6,Monaco Grand Prix,1306670400,12:00:00
847,2011,7,7,Canadian Grand Prix,1307898000,17:00:00
848,2011,8,12,European Grand Prix,1309089600,12:00:00
849,2011,9,9,British Grand Prix,1310299200,12:00:00
850,2011,10,20,German Grand Prix,1311508800,12:00:00
851,2011,11,11,Hungarian Grand Prix,1312113600,12:00:00
852,2011,12,13,Belgian Grand Prix,1314532800,12:00:00
853,2011,13,14,Italian Grand Prix,1315742400,12:00:00
854,2011,14,15,Singapore Grand Prix,1316952000,12:00:00
855,2011,15,22,Japanese Grand Prix,1318140000,06:00:00
856,2011,16,35,Korean Grand Prix,1318744800,06:00:00
857,2011,17,68,Indian Grand Prix,1319967000,09:30:00
858,2011,18,24,Abu Dhabi Grand Prix,1321189200,13:00:00
859,2011,19,18,Brazilian Grand Prix,1322409600,16:00:00
860,2012,1,1,Australian Grand Prix,1332050400,06:00:00
861,2012,2,2,Malaysian Grand Prix,1332662400,08:00:00
862,2012,3,17,Chinese Grand Prix,1334473200,07:00:00
863,2012,4,3,Bahrain Grand Prix,1335096000,12:00:00
864,2012,5,4,Spanish Grand Prix,1336910400,12:00:00
865,2012,6,6,Monaco Grand Prix,1338120000,12:00:00
866,2012,7,7,Canadian Grand Prix,1339351200,18:00:00
867,2012,8,12,European Grand Prix,1340539200,12:00:00
868,2012,9,9,British Grand Prix,1341748800,12:00:00
869,2012,10,10,German Grand Prix,1342958400,12:00:00
870,2012,11,11,Hungarian Grand Prix,1343563200,12:00:00
871,2012,12,13,Belgian Grand Prix,1346587200,12:00:00
872,2012,13,14,Italian Grand Prix,1347192000,12:00:00
873,2012,14,15,Singapore Grand Prix,1348401600,12:00:00
874,2012,15,22,Japanese Grand Prix,1349589600,06:00:00
875,2012,16,35,Korean Grand Prix,1350194400,06:00:00
876,2012,17,68,Indian Grand Prix,1351416600,09:30:00
877,2012,18,24,Abu Dhabi Grand Prix,1352034000,13:00:00
878,2012,19,69,United States Grand Prix,1353265200,19:00:00
879,2012,20,18,Brazilian Grand Prix,1353859200,16:00:00
880,2013,1,1,Australian Grand Prix,1363500000,06:00:00
881,2013,2,2,Malaysian Grand Prix,1364112000,08:00:00
882,2013,3,17,Chinese Grand Prix,1365922800,07:00:00
883,2013,4,3,Bahrain Grand Prix,1366545600,12:00:00
884,2013,5,4,Spanish Grand Prix,1368360000,12:00:00
885,2013,6,6,Monaco Grand Prix,1369569600,12:00:00
886,2013,7,7,Canadian Grand Prix,1370800800,18:00:00
887,2013,8,9,British Grand Prix,1372593600,12:00:00
888,2013,9,20,German Grand Prix,1373198400,12:00:00
890,2013,10,11,Hungarian Grand Prix,1375012800,12:00:00
891,2013,11,13,Belgian Grand Prix,1377432000,12:00:00
892,2013,12,14,Italian Grand Prix,1378641600,12:00:00
893,2013,13,15,Singapore Grand Prix,1379851200,12:00:00
894,2013,14,35,Korean Grand Prix,1381039200,06:00:00
895,2013,15,22,Japanese Grand Prix,1381644000,06:00:00
896,2013,16,68,Indian Grand Prix,1382866200,09:30:00
897,2013,17,24,Abu Dhabi Grand Prix,1383483600,13:00:00
898,2013,18,69,United States Grand Prix,1384714800,19:00:00
899,2013,19,18,Brazilian Grand Prix,1385308800,16:00:00
900,2014,1,1,Australian Grand Prix,1394949600,06:00:00
901,2014,2,2,Malaysian Grand Prix,1396166400,08:00:00
902,2014,3,3,Bahrain Grand Prix,1396796400,15:00:00
903,2014,4,17,Chinese Grand Prix,1397977200,07:00:00
904,2014,5,4,Spanish Grand Prix,1399809600,12:00:00
905,2014,6,6,Monaco Grand Prix,1401019200,12:00:00
906,2014,7,7,Canadian Grand Prix,1402250400,18:00:00
907,2014,8,70,Austrian Grand Prix,1403438400,12:00:00
908,2014,9,9,British Grand Prix,1404648000,12:00:00
909,2014,10,10,German Grand Prix,1405857600,12:00:00
910,2014,11,11,Hungarian Grand Prix,1406462400,12:00:00
911,2014,12,13,Belgian Grand Prix,1408881600,12:00:00
912,2014,13,14,Italian Grand Prix,1410091200,12:00:00
913,2014,14,15,Singapore Grand Prix,1411300800,12:00:00
914,2014,15,22,Japanese Grand Prix,1412488800,06:00:00
915,2014,16,71,Russian Grand Prix,1413111600,11:00:00
916,2014,17,69,United States Grand Prix,1414958400,20:00:00
917,2014,18,18,Brazilian Grand Prix,1415548800,16:00:00
918,2014,19,24,Abu Dhabi Grand Prix,1416747600,13:00:00
931,2015,6,6,Monaco Grand Prix,1432468800,12:00:00
932,2015,7,7,Canadian Grand Prix,1433700000,18:00:00
929,2015,4,3,Bahrain Grand Prix,1429455600,15:00:00
930,2015,5,4,Spanish Grand Prix,1431259200,12:00:00
928,2015,3,17,Chinese Grand Prix,1428818400,06:00:00
926,2015,1,1,Australian Grand Prix,1426395600,05:00:00
927,2015,2,2,Malaysian Grand Prix,1427612400,07:00:00
933,2015,8,70,Austrian Grand Prix,1434888000,12:00:00
934,2015,9,9,British Grand Prix,1436097600,12:00:00
936,2015,10,11,Hungarian Grand Prix,1437912000,12:00:00
937,2015,11,13,Belgian Grand Prix,1440331200,12:00:00
938,2015,12,14,Italian Grand Prix,1441540800,12:00:00
939,2015,13,15,Singapore Grand Prix,1442750400,12:00:00
940,2015,14,22,Japanese Grand Prix,1443330000,05:00:00
941,2015,15,71,Russian Grand Prix,1444561200,11:00:00
942,2015,16,69,United States Grand Prix,1445799600,19:00:00
943,2015,17,32,Mexican Grand Prix,1446404400,19:00:00
944,2015,18,18,Brazilian Grand Prix,1447603200,16:00:00
945,2015,19,24,Abu Dhabi Grand Prix,1448802000,13:00:00
948,2016,1,1,Australian Grand Prix,1458450000,05:00:00
949,2016,2,3,Bahrain Grand Prix,1459695600,15:00:00
950,2016,3,17,Chinese Grand Prix,1460872800,06:00:00
951,2016,4,71,Russian Grand Prix,1462104000,12:00:00
952,2016,5,4,Spanish Grand Prix,1463313600,12:00:00
953,2016,6,6,Monaco Grand Prix,1464523200,12:00:00
954,2016,7,7,Canadian Grand Prix,1465754400,18:00:00
955,2016,8,73,European Grand Prix,1466341200,13:00:00
956,2016,9,70,Austrian Grand Prix,1467547200,12:00:00
957,2016,10,9,British Grand Prix,1468152000,12:00:00
958,2016,11,11,Hungarian Grand Prix,1469361600,12:00:00
959,2016,12,10,German Grand Prix,1469966400,12:00:00
960,2016,13,13,Belgian Grand Prix,1472385600,12:00:00
961,2016,14,14,Italian Grand Prix,1472990400,12:00:00
962,2016,15,15,Singapore Grand Prix,1474200000,12:00:00
963,2016,16,2,Malaysian Grand Prix,1475391600,07:00:00
964,2016,17,22,Japanese Grand Prix,1475989200,05:00:00
965,2016,18,69,United States Grand Prix,1477249200,19:00:00
966,2016,19,32,Mexican Grand Prix,1477854000,19:00:00
967,2016,20,18,Brazilian Grand Prix,1479052800,16:00:00
968,2016,21,24,Abu Dhabi Grand Prix,1480251600,13:00:00
969,2017,1,1,Australian Grand Prix,1490504400,05:00:00
970,2017,2,17,Chinese Grand Prix,1491717600,06:00:00
971,2017,3,3,Bahrain Grand Prix,1492354800,15:00:00
972,2017,4,71,Russian Grand Prix,1493553600,12:00:00
973,2017,5,4,Spanish Grand Prix,1494763200,12:00:00
974,2017,6,6,Monaco Grand Prix,1495972800,12:00:00
975,2017,7,7,Canadian Grand Prix,1497204000,18:00:00
976,2017,8,73,Azerbaijan Grand Prix,1498395600,13:00:00
977,2017,9,70,Austrian Grand Prix,1499601600,12:00:00
978,2017,10,9,British Grand Prix,1500206400,12:00:00
979,2017,11,11,Hungarian Grand Prix,1501416000,12:00:00
980,2017,12,13,Belgian Grand Prix,1503835200,12:00:00
981,2017,13,14,Italian Grand Prix,1504440000,12:00:00
982,2017,14,15,Singapore Grand Prix,1505649600,12:00:00
983,2017,15,2,Malaysian Grand Prix,1506841200,07:00:00
984,2017,16,22,Japanese Grand Prix,1507438800,05:00:00
985,2017,17,69,United States Grand Prix,1508698800,19:00:00
986,2017,18,32,Mexican Grand Prix,1509303600,19:00:00
987,2017,19,18,Brazilian Grand Prix,1510502400,16:00:00
988,2017,20,24,Abu Dhabi Grand Prix,1511701200,13:00:00
989,2018,1,1,Australian Grand Prix,1521954600,05:10:00
990,2018,2,3,Bahrain Grand Prix,1523200200,15:10:00
991,2018,3,17,Chinese Grand Prix,1523772600,06:10:00
992,2018,4,73,Azerbaijan Grand Prix,1525003800,12:10:00
993,2018,5,4,Spanish Grand Prix,1526217000,13:10:00
994,2018,6,6,Monaco Grand Prix,1527426600,13:10:00
995,2018,7,7,Canadian Grand Prix,1528654200,18:10:00
996,2018,8,34,French Grand Prix,1529849400,14:10:00
997,2018,9,70,Austrian Grand Prix,1530450600,13:10:00
998,2018,10,9,British Grand Prix,1531055400,13:10:00
999,2018,11,10,German Grand Prix,1532265000,13:10:00
1000,2018,12,11,Hungarian Grand Prix,1532869800,13:10:00
1001,2018,13,13,Belgian Grand Prix,1535289000,13:10:00
1002,2018,14,14,Italian Grand Prix,1535893800,13:10:00
1003,2018,15,15,Singapore Grand Prix,1537099800,12:10:00
1004,2018,16,71,Russian Grand Prix,1538305800,11:10:00
1005,2018,17,22,Japanese Grand Prix,1538889000,05:10:00
1006,2018,18,69,United States Grand Prix,1540145400,18:10:00
1007,2018,19,32,Mexican Grand Prix,1540753800,19:10:00
1008,2018,20,18,Brazilian Grand Prix,1541956200,17:10:00
1009,2018,21,24,Abu Dhabi Grand Prix,1543151400,13:10:00
1010,2019,1,1,Australian Grand Prix,1552799400,05:10:00
1011,2019,2,3,Bahrain Grand Prix,1554045000,15:10:00
1012,2019,3,17,Chinese Grand Prix,1555222200,06:10:00
1013,2019,4,73,Azerbaijan Grand Prix,1556453400,12:10:00
1014,2019,5,4,Spanish Grand Prix,1557666600,13:10:00
1015,2019,6,6,Monaco Grand Prix,1558876200,13:10:00
1016,2019,7,7,Canadian Grand Prix,1560103800,18:10:00
1017,2019,8,34,French Grand Prix,1561295400,13:10:00
1018,2019,9,70,Austrian Grand Prix,1561900200,13:10:00
1019,2019,10,9,British Grand Prix,1563109800,13:10:00
1020,2019,11,10,German Grand Prix,1564319400,13:10:00
1021,2019,12,11,Hungarian Grand Prix,1564924200,13:10:00
1022,2019,13,13,Belgian Grand Prix,1567343400,13:10:00
1023,2019,14,14,Italian Grand Prix,1567948200,13:10:00
1024,2019,15,15,Singapore Grand Prix,1569154200,12:10:00
1025,2019,16,71,Russian Grand Prix,1569755400,11:10:00
1026,2019,17,22,Japanese Grand Prix,1570943400,05:10:00
1027,2019,18,32,Mexican Grand Prix,1572203400,19:10:00
1028,2019,19,69,United States Grand Prix,1572808200,19:10:00
1029,2019,20,18,Brazilian Grand Prix,1574010600,17:10:00
1030,2019,21,24,Abu Dhabi Grand Prix,1575205800,13:10:00
1031,2020,1,70,Austrian Grand Prix,1593954600,13:10:00
1032,2020,2,70,Styrian Grand Prix,1594559400,13:10:00
1033,2020,3,11,Hungarian Grand Prix,1595164200,13:10:00
1034,2020,4,9,British Grand Prix,1596373800,13:10:00
1035,2020,5,9,70th Anniversary Grand Prix,1596978600,13:10:00
1036,2020,6,4,Spanish Grand Prix,1597583400,13:10:00
1037,2020,7,13,Belgian Grand Prix,1598793000,13:10:00
1038,2020,8,14,Italian Grand Prix,1599397800,13:10:00
1039,2020,9,76,Tuscan Grand Prix,1600002600,13:10:00
1040,2020,10,71,Russian Grand Prix,1601205000,11:10:00
1041,2020,11,20,Eifel Grand Prix,1602421800,13:10:00
1042,2020,12,75,Portuguese Grand Prix,1603627800,12:10:00
1043,2020,13,21,Emilia Romagna Grand Prix,1604232600,12:10:00
1044,2020,14,5,Turkish Grand Prix,1605435000,10:10:00
1045,2020,15,3,Bahrain Grand Prix,1606659000,14:10:00
1046,2020,16,3,Sakhir Grand Prix,1607274600,17:10:00
1047,2020,17,24,Abu Dhabi Grand Prix,1607865000,13:10:00
1053,2021,2,21,Emilia Romagna Grand Prix,1618750800,13:00:00
1074,2022,1,3,Bahrain Grand Prix,1647788400,15:00:00
1052,2021,1,3,Bahrain Grand Prix,1616943600,15:00:00
1051,2021,20,78,Qatar Grand Prix,1637503200,14:00:00
1054,2021,3,75,Portuguese Grand Prix,1619964000,14:00:00
1055,2021,4,4,Spanish Grand Prix,1620565200,13:00:00
1056,2021,5,6,Monaco Grand Prix,1621774800,13:00:00
1057,2021,6,73,Azerbaijan Grand Prix,1622980800,12:00:00
1058,2021,8,70,Styrian Grand Prix,1624798800,13:00:00
1059,2021,7,34,French Grand Prix,1624194000,13:00:00
1060,2021,9,70,Austrian Grand Prix,1625403600,13:00:00
1061,2021,10,9,British Grand Prix,1626616800,14:00:00
1062,2021,11,11,Hungarian Grand Prix,1627822800,13:00:00
1063,2021,12,13,Belgian Grand Prix,1630242000,13:00:00
1064,2021,13,39,Dutch Grand Prix,1630846800,13:00:00
1065,2021,14,14,Italian Grand Prix,1631451600,13:00:00
1066,2021,15,71,Russian Grand Prix,1632657600,12:00:00
1067,2021,16,5,Turkish Grand Prix,1633867200,12:00:00
1069,2021,17,69,United States Grand Prix,1635102000,19:00:00
1070,2021,18,32,Mexico City Grand Prix,1636311600,19:00:00
1071,2021,19,18,So Paulo Grand Prix,1636909200,17:00:00
1072,2021,21,77,Saudi Arabian Grand Prix,1638725400,17:30:00
1073,2021,22,24,Abu Dhabi Grand Prix,1639314000,13:00:00
1075,2022,2,77,Saudi Arabian Grand Prix,1648400400,17:00:00
1076,2022,3,1,Australian Grand Prix,1649566800,05:00:00
1077,2022,4,21,Emilia Romagna Grand Prix,1650805200,13:00:00
1078,2022,5,79,Miami Grand Prix,1652038200,19:30:00
1079,2022,6,4,Spanish Grand Prix,1653224400,13:00:00
1080,2022,7,6,Monaco Grand Prix,1653829200,13:00:00
1081,2022,8,73,Azerbaijan Grand Prix,1655031600,11:00:00
1082,2022,9,7,Canadian Grand Prix,1655661600,18:00:00
1083,2022,10,9,British Grand Prix,1656856800,14:00:00
1084,2022,11,70,Austrian Grand Prix,1657458000,13:00:00
1085,2022,12,34,French Grand Prix,1658667600,13:00:00
1086,2022,13,11,Hungarian Grand Prix,1659272400,13:00:00
1087,2022,14,13,Belgian Grand Prix,1661691600,13:00:00
1088,2022,15,39,Dutch Grand Prix,1662296400,13:00:00
1089,2022,16,14,Italian Grand Prix,1662901200,13:00:00
1091,2022,17,15,Singapore Grand Prix,1664712000,12:00:00
1092,2022,18,22,Japanese Grand Prix,1665291600,05:00:00
1093,2022,19,69,United States Grand Prix,1666551600,19:00:00
1094,2022,20,32,Mexico City Grand Prix,1667160000,20:00:00
1095,2022,21,18,Brazilian Grand Prix,1668362400,18:00:00
1096,2022,22,24,Abu Dhabi Grand Prix,1668949200,13:00:00
1098,2023,1,3,Bahrain Grand Prix,1678028400,15:00:00
1099,2023,2,77,Saudi Arabian Grand Prix,1679245200,17:00:00
1100,2023,3,1,Australian Grand Prix,1680411600,05:00:00
1101,2023,4,73,Azerbaijan Grand Prix,1682852400,11:00:00
1102,2023,5,79,Miami Grand Prix,1683487800,19:30:00
1104,2023,6,6,Monaco Grand Prix,1685278800,13:00:00
1105,2023,7,4,Spanish Grand Prix,1685883600,13:00:00
1106,2023,8,7,Canadian Grand Prix,1687111200,18:00:00
1107,2023,9,70,Austrian Grand Prix,1688302800,13:00:00
1108,2023,10,9,British Grand Prix,1688911200,14:00:00
1109,2023,11,11,Hungarian Grand Prix,1690117200,13:00:00
1110,2023,12,13,Belgian Grand Prix,1690722000,13:00:00
1111,2023,13,39,Dutch Grand Prix,1693141200,13:00:00
1112,2023,14,14,Italian Grand Prix,1693746000,13:00:00
1113,2023,15,15,Singapore Grand Prix,1694952000,12:00:00
1114,2023,16,22,Japanese Grand Prix,1695531600,05:00:00
1115,2023,17,78,Qatar Grand Prix,1696773600,14:00:00
1116,2023,18,69,United States Grand Prix,1698001200,19:00:00
1117,2023,19,32,Mexico City Grand Prix,1698609600,20:00:00
1118,2023,20,18,So Paulo Grand Prix,1699203600,17:00:00
1119,2023,21,80,Las Vegas Grand Prix,1700373600,06:00:00
1120,2023,22,24,Abu Dhabi Grand Prix,1701003600,13:00:00
